/*
SQLyog Community v12.2.4 (64 bit)
MySQL - 5.5.53-0ubuntu0.14.04.1 : Database - pse_alert_pmorcilladev
*********************************************************************
*/

/*!40101 SET NAMES utf8 */;

/*!40101 SET SQL_MODE=''*/;

/*!40014 SET @OLD_UNIQUE_CHECKS=@@UNIQUE_CHECKS, UNIQUE_CHECKS=0 */;
/*!40014 SET @OLD_FOREIGN_KEY_CHECKS=@@FOREIGN_KEY_CHECKS, FOREIGN_KEY_CHECKS=0 */;
/*!40101 SET @OLD_SQL_MODE=@@SQL_MODE, SQL_MODE='NO_AUTO_VALUE_ON_ZERO' */;
/*!40111 SET @OLD_SQL_NOTES=@@SQL_NOTES, SQL_NOTES=0 */;
CREATE DATABASE /*!32312 IF NOT EXISTS*/`pse_alert_pmorcilladev` /*!40100 DEFAULT CHARACTER SET latin1 */;

USE `pse_alert_pmorcilladev`;

/*Table structure for table `aggregate_per_minute` */

DROP TABLE IF EXISTS `aggregate_per_minute`;

CREATE TABLE `aggregate_per_minute` (
  `id` int(10) unsigned NOT NULL AUTO_INCREMENT,
  `companyId` int(11) NOT NULL,
  `price` decimal(16,4) NOT NULL,
  `asOf` datetime NOT NULL,
  `percentChange` decimal(8,4) NOT NULL,
  `volume` bigint(20) NOT NULL,
  `materialized` tinyint(1) DEFAULT NULL,
  `created_at` datetime NOT NULL,
  `updated_at` timestamp NOT NULL DEFAULT CURRENT_TIMESTAMP ON UPDATE CURRENT_TIMESTAMP,
  PRIMARY KEY (`id`)
) ENGINE=InnoDB AUTO_INCREMENT=227 DEFAULT CHARSET=utf8 COLLATE=utf8_unicode_ci;

/*Data for the table `aggregate_per_minute` */

insert  into `aggregate_per_minute`(`id`,`companyId`,`price`,`asOf`,`percentChange`,`volume`,`materialized`,`created_at`,`updated_at`) values 
(1,1,'7.5600','2016-10-14 15:20:00','-1.5600',141700,NULL,'2016-10-15 02:01:17','2016-10-15 02:01:17'),
(2,2,'10.4600','2016-10-14 15:20:00','4.6000',1500,NULL,'2016-10-15 02:01:17','2016-10-15 02:01:17'),
(3,3,'0.3700','2016-10-14 15:20:00','-1.3300',860000,NULL,'2016-10-15 02:01:17','2016-10-15 02:01:17'),
(4,4,'15.5000','2016-10-14 15:20:00','-0.6400',18900,NULL,'2016-10-15 02:01:17','2016-10-15 02:01:17'),
(5,5,'48.0000','2016-10-14 15:20:00','0.0000',15600,NULL,'2016-10-15 02:01:17','2016-10-15 02:01:17'),
(6,6,'48.3500','2016-10-14 15:20:00','7.4400',240100,NULL,'2016-10-15 02:01:17','2016-10-15 02:01:17'),
(7,7,'840.5000','2016-10-14 15:20:00','0.1200',366810,NULL,'2016-10-15 02:01:17','2016-10-15 02:01:17'),
(8,8,'1.2700','2016-10-14 15:20:00','0.7900',2000,NULL,'2016-10-15 02:01:17','2016-10-15 02:01:17'),
(9,9,'1.4500','2016-10-14 15:20:00','2.8400',5109000,NULL,'2016-10-15 02:01:17','2016-10-15 02:01:17'),
(10,10,'76.5000','2016-10-14 15:20:00','1.6600',1102550,NULL,'2016-10-15 02:01:17','2016-10-15 02:01:17'),
(11,11,'3.4500','2016-10-14 15:20:00','-1.4300',15000,NULL,'2016-10-15 02:01:17','2016-10-15 02:01:17'),
(12,12,'15.0000','2016-10-14 15:20:00','-1.4500',3645600,NULL,'2016-10-15 02:01:17','2016-10-15 02:01:17'),
(13,13,'0.2650','2016-10-14 15:20:00','0.0000',3050000,NULL,'2016-10-15 02:01:17','2016-10-15 02:01:17'),
(14,14,'36.8500','2016-10-14 15:20:00','1.2400',23825900,NULL,'2016-10-15 02:01:17','2016-10-15 02:01:17'),
(15,15,'3.3900','2016-10-14 15:20:00','1.5000',1107000,NULL,'2016-10-15 02:01:17','2016-10-15 02:01:17'),
(16,16,'3.9100','2016-10-14 15:20:00','-1.0100',3924000,NULL,'2016-10-15 02:01:17','2016-10-15 02:01:17'),
(17,17,'45.6500','2016-10-14 15:20:00','0.6600',2259500,NULL,'2016-10-15 02:01:17','2016-10-15 02:01:17'),
(18,18,'0.5200','2016-10-14 15:20:00','-1.8900',535000,NULL,'2016-10-15 02:01:17','2016-10-15 02:01:17'),
(19,19,'1.2400','2016-10-14 15:20:00','0.0000',2000,NULL,'2016-10-15 02:01:17','2016-10-15 02:01:17'),
(20,20,'2.9600','2016-10-14 15:20:00','0.3400',75000,NULL,'2016-10-15 02:01:17','2016-10-15 02:01:17'),
(21,21,'0.0037','2016-10-14 15:20:00','2.7800',905000000,NULL,'2016-10-15 02:01:17','2016-10-15 02:01:17'),
(22,22,'2.3300','2016-10-14 15:20:00','3.5600',1315000,NULL,'2016-10-15 02:01:17','2016-10-15 02:01:17'),
(23,23,'4.1000','2016-10-14 15:20:00','0.9900',17000,NULL,'2016-10-15 02:01:17','2016-10-15 02:01:17'),
(24,24,'0.3400','2016-10-14 15:20:00','1.4900',3190000,NULL,'2016-10-15 02:01:17','2016-10-15 02:01:17'),
(25,25,'0.3600','2016-10-14 15:20:00','4.3500',1270000,NULL,'2016-10-15 02:01:17','2016-10-15 02:01:17'),
(26,26,'48.0000','2016-10-14 15:20:00','0.3100',18800,NULL,'2016-10-15 02:01:17','2016-10-15 02:01:17'),
(27,27,'2.1400','2016-10-14 15:20:00','2.3900',6000,NULL,'2016-10-15 02:01:17','2016-10-15 02:01:17'),
(28,28,'2.1000','2016-10-14 15:20:00','2.4400',1000,NULL,'2016-10-15 02:01:17','2016-10-15 02:01:17'),
(29,29,'5.4500','2016-10-14 15:20:00','2.8300',20700,NULL,'2016-10-15 02:01:17','2016-10-15 02:01:17'),
(30,30,'107.5000','2016-10-14 15:20:00','1.4200',1967260,NULL,'2016-10-15 02:01:17','2016-10-15 02:01:17'),
(31,31,'2.8300','2016-10-14 15:20:00','3.6600',710000,NULL,'2016-10-15 02:01:17','2016-10-15 02:01:17'),
(32,32,'0.0890','2016-10-14 15:20:00','7.2300',137120000,NULL,'2016-10-15 02:01:17','2016-10-15 02:01:17'),
(33,33,'1.3300','2016-10-14 15:20:00','3.9100',197000,NULL,'2016-10-15 02:01:17','2016-10-15 02:01:17'),
(34,34,'3.8000','2016-10-14 15:20:00','-0.5200',302000,NULL,'2016-10-15 02:01:17','2016-10-15 02:01:17'),
(35,35,'5.1500','2016-10-14 15:20:00','4.0400',16562000,NULL,'2016-10-15 02:01:17','2016-10-15 02:01:17'),
(36,36,'63.5000','2016-10-14 15:20:00','-7.3000',970,NULL,'2016-10-15 02:01:17','2016-10-15 02:01:17'),
(37,37,'103.2000','2016-10-14 15:20:00','0.6800',1075310,NULL,'2016-10-15 02:01:17','2016-10-15 02:01:17'),
(38,38,'1.0500','2016-10-14 15:20:00','-1.8700',2303000,NULL,'2016-10-15 02:01:17','2016-10-15 02:01:17'),
(39,39,'0.2030','2016-10-14 15:20:00','0.0000',40000,NULL,'2016-10-15 02:01:17','2016-10-15 02:01:17'),
(40,40,'100.0000','2016-10-14 15:20:00','-4.7600',2520,NULL,'2016-10-15 02:01:17','2016-10-15 02:01:17'),
(41,41,'3.1500','2016-10-14 15:20:00','1.9400',1103000,NULL,'2016-10-15 02:01:17','2016-10-15 02:01:17'),
(42,42,'1.0400','2016-10-14 15:20:00','0.0000',53000,NULL,'2016-10-15 02:01:17','2016-10-15 02:01:17'),
(43,43,'103.8000','2016-10-14 15:20:00','0.7800',569640,NULL,'2016-10-15 02:01:17','2016-10-15 02:01:17'),
(44,44,'0.1520','2016-10-14 15:20:00','2.0100',4740000,NULL,'2016-10-15 02:01:17','2016-10-15 02:01:17'),
(45,45,'38.0000','2016-10-14 15:20:00','0.0000',922400,NULL,'2016-10-15 02:01:17','2016-10-15 02:01:17'),
(46,46,'11.1200','2016-10-14 15:20:00','-0.7100',5888200,NULL,'2016-10-15 02:01:17','2016-10-15 02:01:17'),
(47,47,'60.0000','2016-10-14 15:20:00','0.1700',87920,NULL,'2016-10-15 02:01:17','2016-10-15 02:01:17'),
(48,48,'15.5800','2016-10-14 15:20:00','-2.6200',3216400,NULL,'2016-10-15 02:01:17','2016-10-15 02:01:17'),
(49,49,'0.3800','2016-10-14 15:20:00','-2.5600',1460000,NULL,'2016-10-15 02:01:17','2016-10-15 02:01:17'),
(50,50,'16.8000','2016-10-14 15:20:00','1.2000',13500,NULL,'2016-10-15 02:01:17','2016-10-15 02:01:17'),
(51,51,'8.2500','2016-10-14 15:20:00','1.8500',2200400,NULL,'2016-10-15 02:01:17','2016-10-15 02:01:17'),
(52,52,'0.5700','2016-10-14 15:20:00','0.0000',4742000,NULL,'2016-10-15 02:01:17','2016-10-15 02:01:17'),
(53,53,'0.5700','2016-10-14 15:20:00','0.0000',144000,NULL,'2016-10-15 02:01:17','2016-10-15 02:01:17'),
(54,54,'2.0000','2016-10-14 15:20:00','0.5000',210000,NULL,'2016-10-15 02:01:17','2016-10-15 02:01:17'),
(55,55,'0.5400','2016-10-14 15:20:00','1.8900',3769000,NULL,'2016-10-15 02:01:17','2016-10-15 02:01:17'),
(56,56,'6.2000','2016-10-14 15:20:00','1.1400',136900,NULL,'2016-10-15 02:01:17','2016-10-15 02:01:17'),
(57,57,'53.8000','2016-10-14 15:20:00','4.4700',1505060,NULL,'2016-10-15 02:01:17','2016-10-15 02:01:17'),
(58,58,'103.6000','2016-10-14 15:20:00','-0.1000',61100,NULL,'2016-10-15 02:01:17','2016-10-15 02:01:17'),
(59,59,'6.6000','2016-10-14 15:20:00','-5.5800',82000,NULL,'2016-10-15 02:01:17','2016-10-15 02:01:17'),
(60,60,'8.3200','2016-10-14 15:20:00','0.2400',300,NULL,'2016-10-15 02:01:17','2016-10-15 02:01:17'),
(61,61,'12.6800','2016-10-14 15:20:00','1.4400',5151700,NULL,'2016-10-15 02:01:17','2016-10-15 02:01:17'),
(62,62,'12.1800','2016-10-14 15:20:00','-0.1600',21300,NULL,'2016-10-15 02:01:17','2016-10-15 02:01:17'),
(63,63,'10.9800','2016-10-14 15:20:00','3.0000',5098400,NULL,'2016-10-15 02:01:17','2016-10-15 02:01:17'),
(64,64,'2.5000','2016-10-14 15:20:00','-1.1900',128000,NULL,'2016-10-15 02:01:17','2016-10-15 02:01:17'),
(65,65,'5.9300','2016-10-14 15:20:00','0.8500',8520400,NULL,'2016-10-15 02:01:17','2016-10-15 02:01:17'),
(66,66,'7.2500','2016-10-14 15:20:00','0.6900',185000,NULL,'2016-10-15 02:01:17','2016-10-15 02:01:17'),
(67,67,'0.0097','2016-10-14 15:20:00','3.1900',7000000,NULL,'2016-10-15 02:01:17','2016-10-15 02:01:17'),
(68,68,'0.7400','2016-10-14 15:20:00','0.0000',118000,NULL,'2016-10-15 02:01:17','2016-10-15 02:01:17'),
(69,69,'7.3700','2016-10-14 15:20:00','1.2400',536800,NULL,'2016-10-15 02:01:17','2016-10-15 02:01:17'),
(70,70,'1.7800','2016-10-14 15:20:00','-0.5600',1000,NULL,'2016-10-15 02:01:17','2016-10-15 02:01:17'),
(71,71,'18.8200','2016-10-14 15:20:00','3.4100',1285300,NULL,'2016-10-15 02:01:17','2016-10-15 02:01:17'),
(72,72,'0.6700','2016-10-14 15:20:00','0.0000',43000,NULL,'2016-10-15 02:01:17','2016-10-15 02:01:17'),
(73,73,'8.1200','2016-10-14 15:20:00','-0.3700',83300,NULL,'2016-10-15 02:01:17','2016-10-15 02:01:17'),
(74,74,'992.0000','2016-10-14 15:20:00','3.9800',70,NULL,'2016-10-15 02:01:17','2016-10-15 02:01:17'),
(75,75,'6.6100','2016-10-14 15:20:00','-3.5000',300,NULL,'2016-10-15 02:01:17','2016-10-15 02:01:17'),
(76,76,'23.5000','2016-10-14 15:20:00','2.1700',1161800,NULL,'2016-10-15 02:01:17','2016-10-15 02:01:17'),
(77,77,'102.8000','2016-10-14 15:20:00','-10.5300',15000,NULL,'2016-10-15 02:01:17','2016-10-15 02:01:17'),
(78,78,'6.5200','2016-10-14 15:20:00','6.3600',60000,NULL,'2016-10-15 02:01:17','2016-10-15 02:01:17'),
(79,79,'1.7900','2016-10-14 15:20:00','1.7000',8881000,NULL,'2016-10-15 02:01:17','2016-10-15 02:01:17'),
(80,80,'122.0000','2016-10-14 15:20:00','1.0800',15610,NULL,'2016-10-15 02:01:17','2016-10-15 02:01:17'),
(81,81,'1.0200','2016-10-14 15:20:00','3.0300',20985000,NULL,'2016-10-15 02:01:17','2016-10-15 02:01:17'),
(82,82,'0.8800','2016-10-14 15:20:00','3.5300',531000,NULL,'2016-10-15 02:01:17','2016-10-15 02:01:17'),
(83,83,'71.5000','2016-10-14 15:20:00','1.2000',175370,NULL,'2016-10-15 02:01:17','2016-10-15 02:01:17'),
(84,84,'0.2060','2016-10-14 15:20:00','0.4900',20000,NULL,'2016-10-15 02:01:17','2016-10-15 02:01:17'),
(85,85,'0.2650','2016-10-14 15:20:00','0.0000',320000,NULL,'2016-10-15 02:01:17','2016-10-15 02:01:17'),
(86,86,'0.9800','2016-10-14 15:20:00','0.0000',3457000,NULL,'2016-10-15 02:01:17','2016-10-15 02:01:17'),
(87,87,'1835.0000','2016-10-14 15:20:00','1.9400',68665,NULL,'2016-10-15 02:01:17','2016-10-15 02:01:17'),
(88,88,'6.2300','2016-10-14 15:20:00','0.1600',77100,NULL,'2016-10-15 02:01:17','2016-10-15 02:01:17'),
(89,89,'5.9800','2016-10-14 15:20:00','-0.3300',3000,NULL,'2016-10-15 02:01:17','2016-10-15 02:01:17'),
(90,90,'12.0000','2016-10-14 15:20:00','0.8400',127600,NULL,'2016-10-15 02:01:17','2016-10-15 02:01:17'),
(91,91,'1335.0000','2016-10-14 15:20:00','0.3800',120465,NULL,'2016-10-15 02:01:17','2016-10-15 02:01:17'),
(92,92,'3.3900','2016-10-14 15:20:00','13.0000',9000,NULL,'2016-10-15 02:01:17','2016-10-15 02:01:17'),
(93,93,'16.2000','2016-10-14 15:20:00','0.0000',28200,NULL,'2016-10-15 02:01:17','2016-10-15 02:01:17'),
(94,94,'7.2300','2016-10-14 15:20:00','-0.1400',224000,NULL,'2016-10-15 02:01:17','2016-10-15 02:01:17'),
(95,95,'13.9600','2016-10-14 15:20:00','-0.2900',40700,NULL,'2016-10-15 02:01:17','2016-10-15 02:01:17'),
(96,96,'1.8300','2016-10-14 15:20:00','1.1000',13000,NULL,'2016-10-15 02:01:17','2016-10-15 02:01:17'),
(97,97,'75.1000','2016-10-14 15:20:00','1.4900',4447280,NULL,'2016-10-15 02:01:17','2016-10-15 02:01:17'),
(98,98,'3.8000','2016-10-14 15:20:00','-3.3100',886000,NULL,'2016-10-15 02:01:17','2016-10-15 02:01:17'),
(99,99,'5.8000','2016-10-14 15:20:00','0.1700',1283700,NULL,'2016-10-15 02:01:17','2016-10-15 02:01:17'),
(100,100,'16.7400','2016-10-14 15:20:00','2.0700',20300,NULL,'2016-10-15 02:01:17','2016-10-15 02:01:17'),
(101,101,'2.0100','2016-10-14 15:20:00','2.0300',451000,NULL,'2016-10-15 02:01:17','2016-10-15 02:01:17'),
(102,102,'9.2300','2016-10-14 15:20:00','0.0000',453000,NULL,'2016-10-15 02:01:17','2016-10-15 02:01:17'),
(103,103,'11.8000','2016-10-14 15:20:00','0.0000',800,NULL,'2016-10-15 02:01:17','2016-10-15 02:01:17'),
(104,104,'1.1600','2016-10-14 15:20:00','-1.6900',27000,NULL,'2016-10-15 02:01:17','2016-10-15 02:01:17'),
(105,105,'0.2100','2016-10-14 15:20:00','2.4400',11600000,NULL,'2016-10-15 02:01:17','2016-10-15 02:01:17'),
(106,106,'1.4700','2016-10-14 15:20:00','-2.0000',916000,NULL,'2016-10-15 02:01:17','2016-10-15 02:01:17'),
(107,107,'3.6700','2016-10-14 15:20:00','5.7600',112000,NULL,'2016-10-15 02:01:17','2016-10-15 02:01:17'),
(108,108,'241.0000','2016-10-14 15:20:00','0.0000',478250,NULL,'2016-10-15 02:01:17','2016-10-15 02:01:17'),
(109,109,'71.1500','2016-10-14 15:20:00','0.0700',2293380,NULL,'2016-10-15 02:01:17','2016-10-15 02:01:17'),
(110,110,'1.2400','2016-10-14 15:20:00','-0.8000',106000,NULL,'2016-10-15 02:01:17','2016-10-15 02:01:17'),
(111,111,'12.6800','2016-10-14 15:20:00','3.7600',14300,NULL,'2016-10-15 02:01:17','2016-10-15 02:01:17'),
(112,112,'0.1920','2016-10-14 15:20:00','5.4900',7450000,NULL,'2016-10-15 02:01:17','2016-10-15 02:01:17'),
(113,113,'0.1950','2016-10-14 15:20:00','2.6300',3490000,NULL,'2016-10-15 02:01:17','2016-10-15 02:01:17'),
(114,114,'61.0000','2016-10-14 15:20:00','22.0000',1690,NULL,'2016-10-15 02:01:17','2016-10-15 02:01:17'),
(115,115,'2.1900','2016-10-14 15:20:00','-1.3500',849000,NULL,'2016-10-15 02:01:17','2016-10-15 02:01:17'),
(116,116,'0.7800','2016-10-14 15:20:00','0.0000',462000,NULL,'2016-10-15 02:01:17','2016-10-15 02:01:17'),
(117,117,'11.3800','2016-10-14 15:20:00','0.5300',9600,NULL,'2016-10-15 02:01:17','2016-10-15 02:01:17'),
(118,118,'8.0000','2016-10-14 15:20:00','0.0000',3561100,NULL,'2016-10-15 02:01:17','2016-10-15 02:01:17'),
(119,119,'4.9500','2016-10-14 15:20:00','4.6500',581000,NULL,'2016-10-15 02:01:17','2016-10-15 02:01:17'),
(120,120,'1.0400','2016-10-14 15:20:00','0.0000',2000,NULL,'2016-10-15 02:01:17','2016-10-15 02:01:17'),
(121,121,'2.3600','2016-10-14 15:20:00','1.2900',164000,NULL,'2016-10-15 02:01:17','2016-10-15 02:01:17'),
(122,122,'15.0600','2016-10-14 15:20:00','6.3600',11582700,NULL,'2016-10-15 02:01:17','2016-10-15 02:01:17'),
(123,123,'0.0110','2016-10-14 15:20:00','0.0000',12300000,NULL,'2016-10-15 02:01:17','2016-10-15 02:01:17'),
(124,124,'0.0110','2016-10-14 15:20:00','0.0000',900000,NULL,'2016-10-15 02:01:17','2016-10-15 02:01:17'),
(125,125,'1.4500','2016-10-14 15:20:00','3.5700',64000,NULL,'2016-10-15 02:01:17','2016-10-15 02:01:17'),
(126,126,'27.4000','2016-10-14 15:20:00','2.4300',124900,NULL,'2016-10-15 02:01:17','2016-10-15 02:01:17'),
(127,127,'25.2000','2016-10-14 15:20:00','0.2000',29000,NULL,'2016-10-15 02:01:17','2016-10-15 02:01:17'),
(128,128,'83.2500','2016-10-14 15:20:00','0.5400',3214910,NULL,'2016-10-15 02:01:17','2016-10-15 02:01:17'),
(129,129,'3.8800','2016-10-14 15:20:00','5.4300',7583000,NULL,'2016-10-15 02:01:17','2016-10-15 02:01:17'),
(130,130,'0.7500','2016-10-14 15:20:00','11.9400',27372000,NULL,'2016-10-15 02:01:17','2016-10-15 02:01:17'),
(131,131,'4.1400','2016-10-14 15:20:00','0.7300',58779000,NULL,'2016-10-15 02:01:17','2016-10-15 02:01:17'),
(132,132,'290.4000','2016-10-14 15:20:00','0.8300',280470,NULL,'2016-10-15 02:01:17','2016-10-15 02:01:17'),
(133,133,'671.0000','2016-10-14 15:20:00','-0.5200',690,NULL,'2016-10-15 02:01:17','2016-10-15 02:01:17'),
(134,134,'0.2450','2016-10-14 15:20:00','-2.0000',480000,NULL,'2016-10-15 02:01:17','2016-10-15 02:01:17'),
(135,135,'0.4850','2016-10-14 15:20:00','3.1900',30000,NULL,'2016-10-15 02:01:17','2016-10-15 02:01:17'),
(136,136,'2.0000','2016-10-14 15:20:00','0.5000',60000,NULL,'2016-10-15 02:01:17','2016-10-15 02:01:17'),
(137,137,'7.1100','2016-10-14 15:20:00','-1.2500',38104700,NULL,'2016-10-15 02:01:17','2016-10-15 02:01:17'),
(138,138,'0.1630','2016-10-14 15:20:00','4.4900',75810000,NULL,'2016-10-15 02:01:17','2016-10-15 02:01:17'),
(139,139,'4.8800','2016-10-14 15:20:00','1.0400',21093000,NULL,'2016-10-15 02:01:17','2016-10-15 02:01:17'),
(140,140,'4.1000','2016-10-14 15:20:00','3.8000',33000,NULL,'2016-10-15 02:01:17','2016-10-15 02:01:17'),
(141,141,'30.4000','2016-10-14 15:20:00','1.1600',1036500,NULL,'2016-10-15 02:01:17','2016-10-15 02:01:17'),
(142,142,'14.4800','2016-10-14 15:20:00','0.1400',1150900,NULL,'2016-10-15 02:01:17','2016-10-15 02:01:17'),
(143,143,'2.8600','2016-10-14 15:20:00','0.0000',45000,NULL,'2016-10-15 02:01:17','2016-10-15 02:01:17'),
(144,144,'7.0300','2016-10-14 15:20:00','1.1500',2703100,NULL,'2016-10-15 02:01:17','2016-10-15 02:01:17'),
(145,145,'3.0500','2016-10-14 15:20:00','0.0000',2818000,NULL,'2016-10-15 02:01:17','2016-10-15 02:01:17'),
(146,146,'0.8700','2016-10-14 15:20:00','-3.3300',15552000,NULL,'2016-10-15 02:01:17','2016-10-15 02:01:17'),
(147,147,'0.0110','2016-10-14 15:20:00','0.0000',1200000,NULL,'2016-10-15 02:01:17','2016-10-15 02:01:17'),
(148,148,'0.8400','2016-10-14 15:20:00','0.0000',40000,NULL,'2016-10-15 02:01:17','2016-10-15 02:01:17'),
(149,149,'0.0130','2016-10-14 15:20:00','8.3300',400000,NULL,'2016-10-15 02:01:17','2016-10-15 02:01:17'),
(150,150,'0.0370','2016-10-14 15:20:00','2.7800',5000000,NULL,'2016-10-15 02:01:17','2016-10-15 02:01:17'),
(151,151,'5.2900','2016-10-14 15:20:00','-4.6800',45000,NULL,'2016-10-15 02:01:17','2016-10-15 02:01:17'),
(152,152,'14.0000','2016-10-14 15:20:00','0.0000',506600,NULL,'2016-10-15 02:01:17','2016-10-15 02:01:17'),
(153,153,'22.0000','2016-10-14 15:20:00','0.0000',4000,NULL,'2016-10-15 02:01:17','2016-10-15 02:01:17'),
(154,154,'10.6800','2016-10-14 15:20:00','3.0900',3417400,NULL,'2016-10-15 02:01:17','2016-10-15 02:01:17'),
(155,155,'4.2200','2016-10-14 15:20:00','0.7200',26000,NULL,'2016-10-15 02:01:17','2016-10-15 02:01:17'),
(156,156,'215.0000','2016-10-14 15:20:00','-0.2800',760,NULL,'2016-10-15 02:01:17','2016-10-15 02:01:17'),
(157,157,'1025.0000','2016-10-14 15:20:00','0.0000',30,NULL,'2016-10-15 02:01:17','2016-10-15 02:01:17'),
(158,158,'41.0000','2016-10-14 15:20:00','1.4900',707500,NULL,'2016-10-15 02:01:17','2016-10-15 02:01:17'),
(159,159,'0.4050','2016-10-14 15:20:00','1.2500',590000,NULL,'2016-10-15 02:01:17','2016-10-15 02:01:17'),
(160,160,'2.1500','2016-10-14 15:20:00','1.9000',662000,NULL,'2016-10-15 02:01:17','2016-10-15 02:01:17'),
(161,161,'0.2700','2016-10-14 15:20:00','-1.8200',160000,NULL,'2016-10-15 02:01:17','2016-10-15 02:01:17'),
(162,162,'11.5800','2016-10-14 15:20:00','0.7000',300,NULL,'2016-10-15 02:01:17','2016-10-15 02:01:17'),
(163,163,'3.0000','2016-10-14 15:20:00','0.3300',21000,NULL,'2016-10-15 02:01:17','2016-10-15 02:01:17'),
(164,164,'1.0500','2016-10-14 15:20:00','-0.9400',4668000,NULL,'2016-10-15 02:01:17','2016-10-15 02:01:17'),
(165,165,'55.0000','2016-10-14 15:20:00','0.5500',590180,NULL,'2016-10-15 02:01:17','2016-10-15 02:01:17'),
(166,166,'5.8900','2016-10-14 15:20:00','-1.0100',33400,NULL,'2016-10-15 02:01:17','2016-10-15 02:01:17'),
(167,167,'1.9000','2016-10-14 15:20:00','-1.0400',667000,NULL,'2016-10-15 02:01:17','2016-10-15 02:01:17'),
(168,168,'3.3200','2016-10-14 15:20:00','0.6100',306000,NULL,'2016-10-15 02:01:17','2016-10-15 02:01:17'),
(169,169,'8.7500','2016-10-14 15:20:00','0.0000',1000,NULL,'2016-10-15 02:01:17','2016-10-15 02:01:17'),
(170,170,'1091.0000','2016-10-14 15:20:00','6.0300',4880,NULL,'2016-10-15 02:01:17','2016-10-15 02:01:17'),
(171,171,'1155.0000','2016-10-14 15:20:00','7.9400',1320,NULL,'2016-10-15 02:01:17','2016-10-15 02:01:17'),
(172,172,'3.5000','2016-10-14 15:20:00','5.7400',1988000,NULL,'2016-10-15 02:01:17','2016-10-15 02:01:17'),
(173,173,'96.0000','2016-10-14 15:20:00','-2.9800',110,NULL,'2016-10-15 02:01:17','2016-10-15 02:01:17'),
(174,174,'260.0000','2016-10-14 15:20:00','0.0000',680,NULL,'2016-10-15 02:01:17','2016-10-15 02:01:17'),
(175,175,'1.4600','2016-10-14 15:20:00','-0.6800',216000,NULL,'2016-10-15 02:01:17','2016-10-15 02:01:17'),
(176,176,'220.0000','2016-10-14 15:20:00','-11.2900',850,NULL,'2016-10-15 02:01:17','2016-10-15 02:01:17'),
(177,177,'8.1100','2016-10-14 15:20:00','0.0000',688300,NULL,'2016-10-15 02:01:17','2016-10-15 02:01:17'),
(178,178,'3.9500','2016-10-14 15:20:00','6.4700',12240000,NULL,'2016-10-15 02:01:17','2016-10-15 02:01:17'),
(179,179,'35.8500','2016-10-14 15:20:00','0.2800',52700,NULL,'2016-10-15 02:01:17','2016-10-15 02:01:17'),
(180,180,'4.1600','2016-10-14 15:20:00','-0.2400',1001000,NULL,'2016-10-15 02:01:17','2016-10-15 02:01:17'),
(181,181,'29.5000','2016-10-14 15:20:00','1.7200',3690200,NULL,'2016-10-15 02:01:17','2016-10-15 02:01:17'),
(182,182,'0.4000','2016-10-14 15:20:00','-1.2300',170000,NULL,'2016-10-15 02:01:17','2016-10-15 02:01:17'),
(183,183,'1.6100','2016-10-14 15:20:00','0.6200',86000,NULL,'2016-10-15 02:01:17','2016-10-15 02:01:17'),
(184,184,'3.2900','2016-10-14 15:20:00','-0.3000',20000,NULL,'2016-10-15 02:01:17','2016-10-15 02:01:17'),
(185,185,'73.2500','2016-10-14 15:20:00','-0.1400',660770,NULL,'2016-10-15 02:01:17','2016-10-15 02:01:17'),
(186,186,'3.2200','2016-10-14 15:20:00','1.2600',352000,NULL,'2016-10-15 02:01:17','2016-10-15 02:01:17'),
(187,187,'5.6300','2016-10-14 15:20:00','0.0000',50500,NULL,'2016-10-15 02:01:17','2016-10-15 02:01:17'),
(188,188,'122.7000','2016-10-14 15:20:00','3.4600',1520820,NULL,'2016-10-15 02:01:17','2016-10-15 02:01:17'),
(189,189,'215.8000','2016-10-14 15:20:00','4.2500',1527820,NULL,'2016-10-15 02:01:17','2016-10-15 02:01:17'),
(190,190,'0.1470','2016-10-14 15:20:00','2.0800',5320000,NULL,'2016-10-15 02:01:17','2016-10-15 02:01:17'),
(191,191,'2.3500','2016-10-14 15:20:00','11.9000',8000,NULL,'2016-10-15 02:01:17','2016-10-15 02:01:17'),
(192,192,'1.1900','2016-10-14 15:20:00','0.0000',25000,NULL,'2016-10-15 02:01:17','2016-10-15 02:01:17'),
(193,193,'3.2500','2016-10-14 15:20:00','0.0000',35000,NULL,'2016-10-15 02:01:17','2016-10-15 02:01:17'),
(194,194,'1.0400','2016-10-14 15:20:00','1.9600',2095000,NULL,'2016-10-15 02:01:17','2016-10-15 02:01:17'),
(195,195,'662.5000','2016-10-14 15:20:00','0.9900',244700,NULL,'2016-10-15 02:01:17','2016-10-15 02:01:17'),
(196,196,'81.0000','2016-10-14 15:20:00','1.2500',373180,NULL,'2016-10-15 02:01:17','2016-10-15 02:01:17'),
(197,197,'80.5000','2016-10-14 15:20:00','0.0000',16000,NULL,'2016-10-15 02:01:17','2016-10-15 02:01:17'),
(198,198,'79.0000','2016-10-14 15:20:00','0.6400',126200,NULL,'2016-10-15 02:01:17','2016-10-15 02:01:17'),
(199,199,'79.0000','2016-10-14 15:20:00','1.9400',167740,NULL,'2016-10-15 02:01:17','2016-10-15 02:01:17'),
(200,200,'77.5000','2016-10-14 15:20:00','0.6500',24240,NULL,'2016-10-15 02:01:17','2016-10-15 02:01:17'),
(201,201,'77.8000','2016-10-14 15:20:00','-0.0600',169330,NULL,'2016-10-15 02:01:17','2016-10-15 02:01:17'),
(202,202,'26.7500','2016-10-14 15:20:00','2.6900',10860500,NULL,'2016-10-15 02:01:17','2016-10-15 02:01:17'),
(203,203,'2.7800','2016-10-14 15:20:00','0.7200',1169000,NULL,'2016-10-15 02:01:17','2016-10-15 02:01:17'),
(204,204,'0.7600','2016-10-14 15:20:00','10.1400',17492000,NULL,'2016-10-15 02:01:17','2016-10-15 02:01:17'),
(205,205,'0.9800','2016-10-14 15:20:00','3.1600',266000,NULL,'2016-10-15 02:01:17','2016-10-15 02:01:17'),
(206,206,'1.7000','2016-10-14 15:20:00','1.1900',459000,NULL,'2016-10-15 02:01:17','2016-10-15 02:01:17'),
(207,207,'3.1500','2016-10-14 15:20:00','1.2900',117000,NULL,'2016-10-15 02:01:17','2016-10-15 02:01:17'),
(208,208,'1.8500','2016-10-14 15:20:00','-1.0700',2000,NULL,'2016-10-15 02:01:17','2016-10-15 02:01:17'),
(209,209,'23.5000','2016-10-14 15:20:00','1.2900',421500,NULL,'2016-10-15 02:01:17','2016-10-15 02:01:17'),
(210,210,'1613.0000','2016-10-14 15:20:00','0.9400',198670,NULL,'2016-10-15 02:01:17','2016-10-15 02:01:17'),
(211,211,'34.6000','2016-10-14 15:20:00','-4.8100',100,NULL,'2016-10-15 02:01:17','2016-10-15 02:01:17'),
(212,212,'233.6000','2016-10-14 15:20:00','0.2600',1600,NULL,'2016-10-15 02:01:17','2016-10-15 02:01:17'),
(213,213,'1.9200','2016-10-14 15:20:00','1.5900',2637000,NULL,'2016-10-15 02:01:17','2016-10-15 02:01:17'),
(214,214,'75.0000','2016-10-14 15:20:00','0.0000',48900,NULL,'2016-10-15 02:01:17','2016-10-15 02:01:17'),
(215,215,'0.3000','2016-10-14 15:20:00','0.0000',1720000,NULL,'2016-10-15 02:01:17','2016-10-15 02:01:17'),
(216,216,'179.0000','2016-10-14 15:20:00','0.0000',1211430,NULL,'2016-10-15 02:01:17','2016-10-15 02:01:17'),
(217,217,'2.1900','2016-10-14 15:20:00','3.7900',18297000,NULL,'2016-10-15 02:01:17','2016-10-15 02:01:17'),
(218,218,'5.0600','2016-10-14 15:20:00','1.2000',2733500,NULL,'2016-10-15 02:01:17','2016-10-15 02:01:17'),
(219,219,'4.6100','2016-10-14 15:20:00','-0.2200',4000,NULL,'2016-10-15 02:01:17','2016-10-15 02:01:17'),
(220,220,'1.1900','2016-10-14 15:20:00','0.0000',35000,NULL,'2016-10-15 02:01:17','2016-10-15 02:01:17'),
(221,221,'9.1000','2016-10-14 15:20:00','-1.0900',12270900,NULL,'2016-10-15 02:01:17','2016-10-15 02:01:17'),
(222,222,'0.2020','2016-10-14 15:20:00','0.0000',120000,NULL,'2016-10-15 02:01:17','2016-10-15 02:01:17'),
(223,223,'0.3550','2016-10-14 15:20:00','2.9000',50000,NULL,'2016-10-15 02:01:17','2016-10-15 02:01:17'),
(224,224,'12.2200','2016-10-14 15:20:00','2.3500',1663800,NULL,'2016-10-15 02:01:17','2016-10-15 02:01:17'),
(225,225,'4.9800','2016-10-14 15:20:00','-3.4900',360400,NULL,'2016-10-15 02:01:17','2016-10-15 02:01:17'),
(226,226,'0.2450','2016-10-14 15:20:00','-2.0000',90000,NULL,'2016-10-15 02:01:17','2016-10-15 02:01:17');

/*Table structure for table `alerts` */

DROP TABLE IF EXISTS `alerts`;

CREATE TABLE `alerts` (
  `id` int(10) unsigned NOT NULL AUTO_INCREMENT,
  `subscriptionId` int(10) unsigned NOT NULL,
  `companyId` int(10) unsigned NOT NULL,
  `priceCondition` enum('movesAbove','movesBelow') COLLATE utf8_unicode_ci NOT NULL,
  `price` decimal(8,4) NOT NULL,
  `sentToSms` tinyint(1) NOT NULL DEFAULT '0',
  `sentToEmail` tinyint(1) NOT NULL DEFAULT '0',
  `sendSms` tinyint(1) NOT NULL DEFAULT '0',
  `sendEmail` tinyint(1) NOT NULL DEFAULT '0',
  `created_at` timestamp NULL DEFAULT NULL,
  `updated_at` timestamp NULL DEFAULT NULL,
  PRIMARY KEY (`id`),
  UNIQUE KEY `alerts_companyid_pricecondition_subscriptionid_unique` (`companyId`,`priceCondition`,`subscriptionId`),
  KEY `alerts_subscriptionid_foreign` (`subscriptionId`),
  CONSTRAINT `alerts_companyid_foreign` FOREIGN KEY (`companyId`) REFERENCES `companies` (`id`),
  CONSTRAINT `alerts_subscriptionid_foreign` FOREIGN KEY (`subscriptionId`) REFERENCES `subscriptions` (`id`)
) ENGINE=InnoDB AUTO_INCREMENT=24 DEFAULT CHARSET=utf8 COLLATE=utf8_unicode_ci;

/*Data for the table `alerts` */

insert  into `alerts`(`id`,`subscriptionId`,`companyId`,`priceCondition`,`price`,`sentToSms`,`sentToEmail`,`sendSms`,`sendEmail`,`created_at`,`updated_at`) values 
(5,1,1,'movesBelow','2.8012',0,0,1,1,'2016-10-15 02:05:46','2016-10-15 02:05:46'),
(6,1,2,'movesAbove','2.7100',0,0,1,1,'2016-10-15 02:06:01','2016-10-15 02:06:01'),
(7,1,15,'movesAbove','2.5800',0,0,1,1,'2016-10-15 02:10:35','2016-10-15 02:10:35'),
(8,1,14,'movesBelow','2.8000',0,0,1,1,'2016-10-15 03:05:16','2016-10-15 03:05:16'),
(10,8,19,'movesBelow','2.7100',0,0,1,1,'2016-10-15 03:39:40','2016-10-15 03:39:40'),
(11,8,38,'movesAbove','3.0000',0,0,1,1,'2016-10-15 03:39:55','2016-10-15 03:39:55'),
(12,8,57,'movesBelow','65.0000',0,0,1,1,'2016-10-15 03:40:06','2016-10-15 03:40:06'),
(13,1,61,'movesBelow','4.0000',0,0,1,1,'2016-10-15 03:40:36','2016-10-15 03:40:36'),
(14,1,76,'movesBelow','2.3000',0,0,1,1,'2016-10-15 03:40:51','2016-10-15 03:40:51'),
(15,1,43,'movesAbove','88.0000',0,0,1,1,'2016-10-15 03:41:13','2016-10-15 03:41:13'),
(18,1,26,'movesAbove','99.0052',0,0,1,1,'2016-10-15 07:03:20','2016-10-15 22:01:08'),
(19,1,127,'movesBelow','34.0000',0,0,1,1,'2016-10-15 23:21:21','2016-10-15 23:21:21'),
(20,8,144,'movesBelow','3.0000',0,0,1,1,'2016-10-16 01:46:33','2016-10-16 01:46:33'),
(21,8,142,'movesBelow','14.0000',0,0,1,1,'2016-10-16 01:47:00','2016-10-16 01:47:00'),
(22,1,158,'movesBelow','20.0000',0,0,1,1,'2016-10-16 20:08:47','2016-10-16 20:08:47'),
(23,8,1,'movesAbove','12.1000',0,0,1,1,'2017-04-02 16:53:27','2017-04-02 16:53:27');

/*Table structure for table `companies` */

DROP TABLE IF EXISTS `companies`;

CREATE TABLE `companies` (
  `id` int(10) unsigned NOT NULL AUTO_INCREMENT,
  `companyName` varchar(255) COLLATE utf8_unicode_ci NOT NULL,
  `symbol` varchar(6) COLLATE utf8_unicode_ci NOT NULL,
  `created_at` datetime NOT NULL,
  `updated_at` timestamp NOT NULL DEFAULT CURRENT_TIMESTAMP ON UPDATE CURRENT_TIMESTAMP,
  PRIMARY KEY (`id`),
  UNIQUE KEY `companies_symbol_unique` (`symbol`)
) ENGINE=InnoDB AUTO_INCREMENT=227 DEFAULT CHARSET=utf8 COLLATE=utf8_unicode_ci;

/*Data for the table `companies` */

insert  into `companies`(`id`,`companyName`,`symbol`,`created_at`,`updated_at`) values 
(1,'2GO Group','2GO','2016-10-15 02:01:11','2016-10-15 02:01:11'),
(2,'Atok A','AB','2016-10-15 02:01:11','2016-10-15 02:01:11'),
(3,'ABACORE CAPITAL','ABA','2016-10-15 02:01:11','2016-10-15 02:01:11'),
(4,'Asiabest Gorup','ABG','2016-10-15 02:01:11','2016-10-15 02:01:11'),
(5,'ABS-CBN','ABS','2016-10-15 02:01:11','2016-10-15 02:01:11'),
(6,'ABS-CBN PDR','ABSP','2016-10-15 02:01:11','2016-10-15 02:01:11'),
(7,'Ayala Corp','AC','2016-10-15 02:01:11','2016-10-15 02:01:11'),
(8,'Acesite Hotel','ACE','2016-10-15 02:01:11','2016-10-15 02:01:11'),
(9,'Alsons Cons','ACR','2016-10-15 02:01:11','2016-10-15 02:01:11'),
(10,'Aboitiz','AEV','2016-10-15 02:01:11','2016-10-15 02:01:11'),
(11,'AGF','AGF','2016-10-15 02:01:11','2016-10-15 02:01:11'),
(12,'Alliance Global','AGI','2016-10-15 02:01:11','2016-10-15 02:01:11'),
(13,'Arthaland','ALCO','2016-10-15 02:01:11','2016-10-15 02:01:11'),
(14,'Ayala Land','ALI','2016-10-15 02:01:11','2016-10-15 02:01:11'),
(15,'ALTERRA CAPITAL','ALT','2016-10-15 02:01:11','2016-10-15 02:01:11'),
(16,'AgriNurture','ANI','2016-10-15 02:01:11','2016-10-15 02:01:11'),
(17,'Aboitiz Power','AP','2016-10-15 02:01:11','2016-10-15 02:01:11'),
(18,'APC Group','APC','2016-10-15 02:01:11','2016-10-15 02:01:11'),
(19,'Anglo-Phil Hldg','APO','2016-10-15 02:01:11','2016-10-15 02:01:11'),
(20,'Apex Mining A','APX','2016-10-15 02:01:11','2016-10-15 02:01:11'),
(21,'Abra Mining','AR','2016-10-15 02:01:11','2016-10-15 02:01:11'),
(22,'Araneta Prop','ARA','2016-10-15 02:01:11','2016-10-15 02:01:11'),
(23,'Atlas Mining','AT','2016-10-15 02:01:11','2016-10-15 02:01:11'),
(24,'ATN Holdings A','ATN','2016-10-15 02:01:11','2016-10-15 02:01:11'),
(25,'ATN Holdings B','ATNB','2016-10-15 02:01:11','2016-10-15 02:01:11'),
(26,'ASIA UNITED','AUB','2016-10-15 02:01:11','2016-10-15 02:01:11'),
(27,'Benguet A','BC','2016-10-15 02:01:11','2016-10-15 02:01:11'),
(28,'Benguet B','BCB','2016-10-15 02:01:11','2016-10-15 02:01:11'),
(29,'Prime Gaming','BCOR','2016-10-15 02:01:11','2016-10-15 02:01:11'),
(30,'Banco de Oro','BDO','2016-10-15 02:01:11','2016-10-15 02:01:11'),
(31,'Belle Corp.','BEL','2016-10-15 02:01:11','2016-10-15 02:01:11'),
(32,'Boulevard Hldg.','BHI','2016-10-15 02:01:11','2016-10-15 02:01:11'),
(33,'Bright Kindle','BKR','2016-10-15 02:01:11','2016-10-15 02:01:11'),
(34,'BDO Leasing','BLFI','2016-10-15 02:01:11','2016-10-15 02:01:11'),
(35,'Bloomberry','BLOOM','2016-10-15 02:01:11','2016-10-15 02:01:11'),
(36,'Bogo Medellin','BMM','2016-10-15 02:01:11','2016-10-15 02:01:11'),
(37,'BPI','BPI','2016-10-15 02:01:11','2016-10-15 02:01:11'),
(38,'A. Brown','BRN','2016-10-15 02:01:11','2016-10-15 02:01:11'),
(39,'BASIC ENERGY','BSC','2016-10-15 02:01:11','2016-10-15 02:01:11'),
(40,'Concrete A','CA','2016-10-15 02:01:11','2016-10-15 02:01:11'),
(41,'CALA CORP.','CAL','2016-10-15 02:01:11','2016-10-15 02:01:11'),
(42,'Cityland Devt.','CDC','2016-10-15 02:01:11','2016-10-15 02:01:11'),
(43,'5J','CEB','2016-10-15 02:01:11','2016-10-15 02:01:11'),
(44,'Crown Equities','CEI','2016-10-15 02:01:11','2016-10-15 02:01:11'),
(45,'Chinabank','CHIB','2016-10-15 02:01:11','2016-10-15 02:01:11'),
(46,'Cemex Hldg','CHP','2016-10-15 02:01:11','2016-10-15 02:01:11'),
(47,'CONCEPCION','CIC','2016-10-15 02:01:11','2016-10-15 02:01:11'),
(48,'CENTURY FOOD','CNPF','2016-10-15 02:01:11','2016-10-15 02:01:11'),
(49,'Coal Asia','COAL','2016-10-15 02:01:11','2016-10-15 02:01:11'),
(50,'COL Financial','COL','2016-10-15 02:01:11','2016-10-15 02:01:11'),
(51,'COSCO CAPITAL','COSCO','2016-10-15 02:01:11','2016-10-15 02:01:11'),
(52,'CPG','CPG','2016-10-15 02:01:11','2016-10-15 02:01:11'),
(53,'Century Peak','CPM','2016-10-15 02:01:11','2016-10-15 02:01:11'),
(54,'CROWN ASIA','CROWN','2016-10-15 02:01:11','2016-10-15 02:01:11'),
(55,'Cyber Bay','CYBR','2016-10-15 02:01:11','2016-10-15 02:01:11'),
(56,'DAVINCI CAPITAL','DAVIN','2016-10-15 02:01:11','2016-10-15 02:01:11'),
(57,'DOUBLEDRAGON','DD','2016-10-15 02:01:11','2016-10-15 02:01:11'),
(58,'DD PREF','DDPR','2016-10-15 02:01:11','2016-10-15 02:01:11'),
(59,'Diversified','DFNN','2016-10-15 02:01:11','2016-10-15 02:01:11'),
(60,'Dizon Mines','DIZ','2016-10-15 02:01:11','2016-10-15 02:01:11'),
(61,'DMCI Holdings','DMC','2016-10-15 02:01:11','2016-10-15 02:01:11'),
(62,'DEL MONTE','DMPL','2016-10-15 02:01:11','2016-10-15 02:01:11'),
(63,'DNL INDUS','DNL','2016-10-15 02:01:11','2016-10-15 02:01:11'),
(64,'DISCOVERY WORLD','DWC','2016-10-15 02:01:11','2016-10-15 02:01:11'),
(65,'Energy Devt. ','EDC','2016-10-15 02:01:11','2016-10-15 02:01:11'),
(66,'EEI Corp.','EEI','2016-10-15 02:01:11','2016-10-15 02:01:11'),
(67,'E-Games','EG','2016-10-15 02:01:11','2016-10-15 02:01:11'),
(68,'Empire East','ELI','2016-10-15 02:01:11','2016-10-15 02:01:11'),
(69,'EMPERADOR','EMP','2016-10-15 02:01:11','2016-10-15 02:01:11'),
(70,'Euromed','EURO','2016-10-15 02:01:11','2016-10-15 02:01:11'),
(71,'EW','EW','2016-10-15 02:01:11','2016-10-15 02:01:11'),
(72,'First Abacus','FAF','2016-10-15 02:01:11','2016-10-15 02:01:11'),
(73,'Filinvest Dev.','FDC','2016-10-15 02:01:11','2016-10-15 02:01:11'),
(74,'Far Eastern U.','FEU','2016-10-15 02:01:11','2016-10-15 02:01:11'),
(75,'Filipino Fund','FFI','2016-10-15 02:01:11','2016-10-15 02:01:11'),
(76,'First Gen','FGEN','2016-10-15 02:01:11','2016-10-15 02:01:11'),
(77,'FGENF','FGENF','2016-10-15 02:01:11','2016-10-15 02:01:11'),
(78,'F&J Prince A','FJP','2016-10-15 02:01:11','2016-10-15 02:01:11'),
(79,'Filinvest Land','FLI','2016-10-15 02:01:11','2016-10-15 02:01:11'),
(80,'FIRST METRO ETF','FMETF','2016-10-15 02:01:11','2016-10-15 02:01:11'),
(81,'FERRONICKEL','FNI','2016-10-15 02:01:11','2016-10-15 02:01:11'),
(82,'Tuna','FOOD','2016-10-15 02:01:11','2016-10-15 02:01:11'),
(83,'First Phil Hldg','FPH','2016-10-15 02:01:11','2016-10-15 02:01:11'),
(84,'Forum Pacific','FPI','2016-10-15 02:01:11','2016-10-15 02:01:11'),
(85,'GEOGRACE','GEO','2016-10-15 02:01:11','2016-10-15 02:01:11'),
(86,'Global-Estate','GERI','2016-10-15 02:01:11','2016-10-15 02:01:11'),
(87,'Globe Telecom','GLO','2016-10-15 02:01:11','2016-10-15 02:01:11'),
(88,'GMA Network','GMA7','2016-10-15 02:01:11','2016-10-15 02:01:11'),
(89,'GMA Holdings','GMAP','2016-10-15 02:01:11','2016-10-15 02:01:11'),
(90,'Ginebra','GSMI','2016-10-15 02:01:11','2016-10-15 02:01:11'),
(91,'GT Capital','GTCAP','2016-10-15 02:01:11','2016-10-15 02:01:11'),
(92,'PHIL H2O','H2O','2016-10-15 02:01:11','2016-10-15 02:01:11'),
(93,'Holcim','HLCM','2016-10-15 02:01:11','2016-10-15 02:01:11'),
(94,'8990 HLDG','HOUSE','2016-10-15 02:01:11','2016-10-15 02:01:11'),
(95,'Golden Haven','HVN','2016-10-15 02:01:11','2016-10-15 02:01:11'),
(96,'IRemit','I','2016-10-15 02:01:11','2016-10-15 02:01:11'),
(97,'Intl Container','ICT','2016-10-15 02:01:11','2016-10-15 02:01:11'),
(98,'Italpinas','IDC','2016-10-15 02:01:11','2016-10-15 02:01:11'),
(99,'Integ. Micro','IMI','2016-10-15 02:01:11','2016-10-15 02:01:11'),
(100,'Imperial A','IMP','2016-10-15 02:01:11','2016-10-15 02:01:11'),
(101,'Ionics','ION','2016-10-15 02:01:11','2016-10-15 02:01:11'),
(102,'IPM HLDG','IPM','2016-10-15 02:01:11','2016-10-15 02:01:11'),
(103,'IPeople','IPO','2016-10-15 02:01:11','2016-10-15 02:01:11'),
(104,'Interport A','IRC','2016-10-15 02:01:11','2016-10-15 02:01:11'),
(105,'Island Info','IS','2016-10-15 02:01:11','2016-10-15 02:01:11'),
(106,'ISM Comm.','ISM','2016-10-15 02:01:11','2016-10-15 02:01:11'),
(107,'Jackstones','JAS','2016-10-15 02:01:11','2016-10-15 02:01:11'),
(108,'Jollibee','JFC','2016-10-15 02:01:11','2016-10-15 02:01:11'),
(109,'JG Summit','JGS','2016-10-15 02:01:11','2016-10-15 02:01:11'),
(110,'City & Land','LAND','2016-10-15 02:01:11','2016-10-15 02:01:11'),
(111,'LBC EXPRESS','LBC','2016-10-15 02:01:11','2016-10-15 02:01:11'),
(112,'Lepanto A','LC','2016-10-15 02:01:11','2016-10-15 02:01:11'),
(113,'Lepanto B','LCB','2016-10-15 02:01:11','2016-10-15 02:01:11'),
(114,'Liberty Flour','LFM','2016-10-15 02:01:11','2016-10-15 02:01:11'),
(115,'Liberty Telecom','LIB','2016-10-15 02:01:11','2016-10-15 02:01:11'),
(116,'Lodestar','LIHC','2016-10-15 02:01:11','2016-10-15 02:01:11'),
(117,'Pacific Online','LOTO','2016-10-15 02:01:11','2016-10-15 02:01:11'),
(118,'Benpres Hldg.','LPZ','2016-10-15 02:01:11','2016-10-15 02:01:11'),
(119,'Leisure','LR','2016-10-15 02:01:11','2016-10-15 02:01:11'),
(120,'LR PREF','LRP','2016-10-15 02:01:12','2016-10-15 02:01:12'),
(121,'LR WARRANT','LRW','2016-10-15 02:01:12','2016-10-15 02:01:12'),
(122,'LT GROUP','LTG','2016-10-15 02:01:12','2016-10-15 02:01:12'),
(123,'Manila Mining A','MA','2016-10-15 02:01:12','2016-10-15 02:01:12'),
(124,'Manila Mining B','MAB','2016-10-15 02:01:12','2016-10-15 02:01:12'),
(125,'Marcventures','MARC','2016-10-15 02:01:12','2016-10-15 02:01:12'),
(126,'MAXS GROUP','MAXS','2016-10-15 02:01:12','2016-10-15 02:01:12'),
(127,'MlaBroadcasting','MBC','2016-10-15 02:01:12','2016-10-15 02:01:12'),
(128,'Metrobank','MBT','2016-10-15 02:01:12','2016-10-15 02:01:12'),
(129,'MELCO CROWN','MCP','2016-10-15 02:01:12','2016-10-15 02:01:12'),
(130,'Medco Hldg.','MED','2016-10-15 02:01:12','2016-10-15 02:01:12'),
(131,'Megaworld','MEG','2016-10-15 02:01:12','2016-10-15 02:01:12'),
(132,'Meralco A','MER','2016-10-15 02:01:12','2016-10-15 02:01:12'),
(133,'Manulife','MFC','2016-10-15 02:01:12','2016-10-15 02:01:12'),
(134,'MG HOLDINGS','MG','2016-10-15 02:01:12','2016-10-15 02:01:12'),
(135,'Mabuhay Hldg.','MHC','2016-10-15 02:01:12','2016-10-15 02:01:12'),
(136,'Manila Jockey','MJC','2016-10-15 02:01:12','2016-10-15 02:01:12'),
(137,'Metro Pac Inv ','MPI','2016-10-15 02:01:12','2016-10-15 02:01:12'),
(138,'MRC Allied','MRC','2016-10-15 02:01:12','2016-10-15 02:01:12'),
(139,'Metro Retail','MRSGI','2016-10-15 02:01:12','2016-10-15 02:01:12'),
(140,'Mabuhay Vinyl','MVC','2016-10-15 02:01:12','2016-10-15 02:01:12'),
(141,'Manila Water','MWC','2016-10-15 02:01:12','2016-10-15 02:01:12'),
(142,'Megawide','MWIDE','2016-10-15 02:01:12','2016-10-15 02:01:12'),
(143,'NiHAO','NI','2016-10-15 02:01:12','2016-10-15 02:01:12'),
(144,'NICKELASIA','NIKL','2016-10-15 02:01:12','2016-10-15 02:01:12'),
(145,'NOW CORP','NOW','2016-10-15 02:01:12','2016-10-15 02:01:12'),
(146,'PhilNaRe','NRCP','2016-10-15 02:01:12','2016-10-15 02:01:12'),
(147,'ORNTL PETROL B','OPMB','2016-10-15 02:01:12','2016-10-15 02:01:12'),
(148,'Oriental P','ORE','2016-10-15 02:01:12','2016-10-15 02:01:12'),
(149,'Philodrill A','OV','2016-10-15 02:01:12','2016-10-15 02:01:12'),
(150,'Pacifica A','PA','2016-10-15 02:01:12','2016-10-15 02:01:12'),
(151,'PAL Holdings','PAL','2016-10-15 02:01:12','2016-10-15 02:01:12'),
(152,'PB BANK','PBB','2016-10-15 02:01:12','2016-10-15 02:01:12'),
(153,'PBCom','PBC','2016-10-15 02:01:12','2016-10-15 02:01:12'),
(154,'Petron','PCOR','2016-10-15 02:01:12','2016-10-15 02:01:12'),
(155,'PetroEnergy','PERC','2016-10-15 02:01:12','2016-10-15 02:01:12'),
(156,'Purefoods ','PF','2016-10-15 02:01:12','2016-10-15 02:01:12'),
(157,'PF PREF 2','PFP2','2016-10-15 02:01:12','2016-10-15 02:01:12'),
(158,'PUREGOLD','PGOLD','2016-10-15 02:01:12','2016-10-15 02:01:12'),
(159,'PremiereHorizon','PHA','2016-10-15 02:01:12','2016-10-15 02:01:12'),
(160,'PHINMA ENERGY','PHEN','2016-10-15 02:01:12','2016-10-15 02:01:12'),
(161,'Phil Estates','PHES','2016-10-15 02:01:12','2016-10-15 02:01:12'),
(162,'Phinma ','PHN','2016-10-15 02:01:12','2016-10-15 02:01:12'),
(163,'Pepsi-Cola','PIP','2016-10-15 02:01:12','2016-10-15 02:01:12'),
(164,'PREMIUM LEISURE','PLC','2016-10-15 02:01:12','2016-10-15 02:01:12'),
(165,'Phil Natl Bank','PNB','2016-10-15 02:01:12','2016-10-15 02:01:12'),
(166,'PHX PETROLEUM','PNX','2016-10-15 02:01:12','2016-10-15 02:01:12'),
(167,'Prime Orion','POPI','2016-10-15 02:01:12','2016-10-15 02:01:12'),
(168,'Pryce Corp.','PPC','2016-10-15 02:01:12','2016-10-15 02:01:12'),
(169,'Phil. Racing ','PRC','2016-10-15 02:01:12','2016-10-15 02:01:12'),
(170,'PCOR PREF 2A','PRF2A','2016-10-15 02:01:12','2016-10-15 02:01:12'),
(171,'PCOR PREF 2B','PRF2B','2016-10-15 02:01:12','2016-10-15 02:01:12'),
(172,'Primex Corp.','PRMX','2016-10-15 02:01:12','2016-10-15 02:01:12'),
(173,'PSBank','PSB','2016-10-15 02:01:12','2016-10-15 02:01:12'),
(174,'PSE','PSE','2016-10-15 02:01:12','2016-10-15 02:01:12'),
(175,'PHX SEMICNDCTR','PSPC','2016-10-15 02:01:12','2016-10-15 02:01:12'),
(176,'Philtrust','PTC','2016-10-15 02:01:12','2016-10-15 02:01:12'),
(177,'PX MINING','PX','2016-10-15 02:01:12','2016-10-15 02:01:12'),
(178,'PXP ENERGY','PXP','2016-10-15 02:01:12','2016-10-15 02:01:12'),
(179,'RCBC','RCB','2016-10-15 02:01:12','2016-10-15 02:01:12'),
(180,'RFM Corp','RFM','2016-10-15 02:01:12','2016-10-15 02:01:12'),
(181,'Robinsons Land','RLC','2016-10-15 02:01:12','2016-10-15 02:01:12'),
(182,'PhilRealty','RLT','2016-10-15 02:01:12','2016-10-15 02:01:12'),
(183,'ROCK','ROCK','2016-10-15 02:01:12','2016-10-15 02:01:12'),
(184,'Roxas Hldg.','ROX','2016-10-15 02:01:12','2016-10-15 02:01:12'),
(185,'ROBINSONS RTL','RRHI','2016-10-15 02:01:12','2016-10-15 02:01:12'),
(186,'TRAVELLERS','RWM','2016-10-15 02:01:12','2016-10-15 02:01:12'),
(187,'SBS Phil Corp','SBS','2016-10-15 02:01:12','2016-10-15 02:01:12'),
(188,'Semirara Mining','SCC','2016-10-15 02:01:12','2016-10-15 02:01:12'),
(189,'Security Bank','SECB','2016-10-15 02:01:12','2016-10-15 02:01:12'),
(190,'Swift','SFI','2016-10-15 02:01:12','2016-10-15 02:01:12'),
(191,'Swift Pref','SFIP','2016-10-15 02:01:12','2016-10-15 02:01:12'),
(192,'Solid Group','SGI','2016-10-15 02:01:12','2016-10-15 02:01:12'),
(193,'SHNG Properties','SHNG','2016-10-15 02:01:12','2016-10-15 02:01:12'),
(194,'Sta.Lucia Land','SLI','2016-10-15 02:01:12','2016-10-15 02:01:12'),
(195,'SM Investments ','SM','2016-10-15 02:01:12','2016-10-15 02:01:12'),
(196,'San Miguel A','SMC','2016-10-15 02:01:12','2016-10-15 02:01:12'),
(197,'SMCPrefs2C','SMC2C','2016-10-15 02:01:12','2016-10-15 02:01:12'),
(198,'SMC Pref 2F','SMC2F','2016-10-15 02:01:12','2016-10-15 02:01:12'),
(199,'SMC Pref 2G','SMC2G','2016-10-15 02:01:12','2016-10-15 02:01:12'),
(200,'SMC Pref 2H','SMC2H','2016-10-15 02:01:12','2016-10-15 02:01:12'),
(201,'SMC Pref 2I','SMC2I','2016-10-15 02:01:12','2016-10-15 02:01:12'),
(202,'SM Prime Hldg.','SMPH','2016-10-15 02:01:12','2016-10-15 02:01:12'),
(203,'SSI GROUP','SSI','2016-10-15 02:01:12','2016-10-15 02:01:12'),
(204,'STI_HOLDINGS','STI','2016-10-15 02:01:12','2016-10-15 02:01:12'),
(205,'Suntrust Home','SUN','2016-10-15 02:01:12','2016-10-15 02:01:12'),
(206,'TKC METALS','T','2016-10-15 02:01:12','2016-10-15 02:01:12'),
(207,'TA PETROLEUM','TAPET','2016-10-15 02:01:12','2016-10-15 02:01:12'),
(208,'Transpacific Br','TBGI','2016-10-15 02:01:12','2016-10-15 02:01:12'),
(209,'CHIPS','TECH','2016-10-15 02:01:12','2016-10-15 02:01:12'),
(210,'PLDT','TEL','2016-10-15 02:01:12','2016-10-15 02:01:12'),
(211,'PTFC REDEV CORP','TFC','2016-10-15 02:01:12','2016-10-15 02:01:12'),
(212,'TOP FRONTIER','TFHI','2016-10-15 02:01:12','2016-10-15 02:01:12'),
(213,'HARBOR STAR','TUGS','2016-10-15 02:01:12','2016-10-15 02:01:12'),
(214,'Union Bank','UBP','2016-10-15 02:01:12','2016-10-15 02:01:12'),
(215,'Unioil Hldg.','UNI','2016-10-15 02:01:12','2016-10-15 02:01:12'),
(216,'Univ Robina','URC','2016-10-15 02:01:12','2016-10-15 02:01:12'),
(217,'Vitarich','VITA','2016-10-15 02:01:12','2016-10-15 02:01:12'),
(218,'Vista Land','VLL','2016-10-15 02:01:12','2016-10-15 02:01:12'),
(219,'Victorias ','VMC','2016-10-15 02:01:12','2016-10-15 02:01:12'),
(220,'Vulcan Ind`l','VUL','2016-10-15 02:01:12','2016-10-15 02:01:12'),
(221,'PhilWeb','WEB','2016-10-15 02:01:12','2016-10-15 02:01:12'),
(222,'Wellex Indus','WIN','2016-10-15 02:01:12','2016-10-15 02:01:12'),
(223,'Waterfront','WPI','2016-10-15 02:01:12','2016-10-15 02:01:12'),
(224,'XURPAS','X','2016-10-15 02:01:12','2016-10-15 02:01:12'),
(225,'YEHEY','YEHEY','2016-10-15 02:01:12','2016-10-15 02:01:12'),
(226,'Zeus Holdings','ZHI','2016-10-15 02:01:12','2016-10-15 02:01:12');

/*Table structure for table `materialize_per_company_daily` */

DROP TABLE IF EXISTS `materialize_per_company_daily`;

CREATE TABLE `materialize_per_company_daily` (
  `id` int(10) unsigned NOT NULL AUTO_INCREMENT,
  `companyId` int(11) NOT NULL,
  `openPrice` decimal(16,4) NOT NULL,
  `highPrice` decimal(16,4) NOT NULL,
  `lowPrice` decimal(16,4) NOT NULL,
  `closePrice` decimal(16,4) NOT NULL,
  `percentChange` decimal(8,4) DEFAULT NULL,
  `volume` bigint(20) DEFAULT NULL,
  `asOf` date NOT NULL,
  `created_at` datetime NOT NULL,
  `updated_at` timestamp NOT NULL DEFAULT CURRENT_TIMESTAMP ON UPDATE CURRENT_TIMESTAMP,
  PRIMARY KEY (`id`),
  UNIQUE KEY `materialize_per_company_daily_companyid_asof_unique` (`companyId`,`asOf`)
) ENGINE=InnoDB DEFAULT CHARSET=utf8 COLLATE=utf8_unicode_ci;

/*Data for the table `materialize_per_company_daily` */

/*Table structure for table `migrations` */

DROP TABLE IF EXISTS `migrations`;

CREATE TABLE `migrations` (
  `migration` varchar(255) COLLATE utf8_unicode_ci NOT NULL,
  `batch` int(11) NOT NULL
) ENGINE=InnoDB DEFAULT CHARSET=utf8 COLLATE=utf8_unicode_ci;

/*Data for the table `migrations` */

insert  into `migrations`(`migration`,`batch`) values 
('2014_10_12_000000_create_users_table',1),
('2014_10_12_100000_create_password_resets_table',1),
('2016_06_01_000001_create_oauth_auth_codes_table',1),
('2016_06_01_000002_create_oauth_access_tokens_table',1),
('2016_06_01_000003_create_oauth_refresh_tokens_table',1),
('2016_06_01_000004_create_oauth_clients_table',1),
('2016_06_01_000005_create_oauth_personal_access_clients_table',1),
('2016_09_18_151929_create_companies_table',1),
('2016_09_18_155210_create_materialize_per_company_daily_table',1),
('2016_09_22_151502_create_update_price_stored_proc',1),
('2016_09_22_155252_create_system_settings',1),
('2016_09_22_184404_create_raw_records_table',1),
('2016_09_23_081055_create_aggregate_per_minute_table',1),
('2016_09_29_180145_create_alerts_table',1),
('2016_10_02_021049_subscriptions',1),
('2016_10_08_021623_Telcos',1);

/*Table structure for table `oauth_access_tokens` */

DROP TABLE IF EXISTS `oauth_access_tokens`;

CREATE TABLE `oauth_access_tokens` (
  `id` varchar(100) COLLATE utf8_unicode_ci NOT NULL,
  `user_id` int(11) DEFAULT NULL,
  `client_id` int(11) NOT NULL,
  `name` varchar(255) COLLATE utf8_unicode_ci DEFAULT NULL,
  `scopes` text COLLATE utf8_unicode_ci,
  `revoked` tinyint(1) NOT NULL,
  `created_at` timestamp NULL DEFAULT NULL,
  `updated_at` timestamp NULL DEFAULT NULL,
  `expires_at` datetime DEFAULT NULL,
  PRIMARY KEY (`id`),
  KEY `oauth_access_tokens_user_id_index` (`user_id`)
) ENGINE=InnoDB DEFAULT CHARSET=utf8 COLLATE=utf8_unicode_ci;

/*Data for the table `oauth_access_tokens` */

insert  into `oauth_access_tokens`(`id`,`user_id`,`client_id`,`name`,`scopes`,`revoked`,`created_at`,`updated_at`,`expires_at`) values 
('8d5e78696f9f10c065956a50511a9e30e817063cf975991ef855edacb0868382fb0af32a88cfff67',1,1,NULL,'[]',0,'2016-11-07 03:35:27','2016-11-07 03:35:27','2016-11-08 03:35:27'),
('9bf373266da036711965920e9847b4865b03291e137a465cce1f59865a3b8e86094b1e9656065aca',8,1,NULL,'[]',0,'2017-04-04 20:04:40','2017-04-04 20:04:40','2017-04-05 20:04:40');

/*Table structure for table `oauth_auth_codes` */

DROP TABLE IF EXISTS `oauth_auth_codes`;

CREATE TABLE `oauth_auth_codes` (
  `id` varchar(100) COLLATE utf8_unicode_ci NOT NULL,
  `user_id` int(11) NOT NULL,
  `client_id` int(11) NOT NULL,
  `scopes` text COLLATE utf8_unicode_ci,
  `revoked` tinyint(1) NOT NULL,
  `expires_at` datetime DEFAULT NULL,
  PRIMARY KEY (`id`)
) ENGINE=InnoDB DEFAULT CHARSET=utf8 COLLATE=utf8_unicode_ci;

/*Data for the table `oauth_auth_codes` */

/*Table structure for table `oauth_clients` */

DROP TABLE IF EXISTS `oauth_clients`;

CREATE TABLE `oauth_clients` (
  `id` int(10) unsigned NOT NULL AUTO_INCREMENT,
  `user_id` int(11) DEFAULT NULL,
  `name` varchar(255) COLLATE utf8_unicode_ci NOT NULL,
  `secret` varchar(100) COLLATE utf8_unicode_ci NOT NULL,
  `redirect` text COLLATE utf8_unicode_ci NOT NULL,
  `personal_access_client` tinyint(1) NOT NULL,
  `password_client` tinyint(1) NOT NULL,
  `revoked` tinyint(1) NOT NULL,
  `created_at` timestamp NULL DEFAULT NULL,
  `updated_at` timestamp NULL DEFAULT NULL,
  PRIMARY KEY (`id`),
  KEY `oauth_clients_user_id_index` (`user_id`)
) ENGINE=InnoDB AUTO_INCREMENT=2 DEFAULT CHARSET=utf8 COLLATE=utf8_unicode_ci;

/*Data for the table `oauth_clients` */

insert  into `oauth_clients`(`id`,`user_id`,`name`,`secret`,`redirect`,`personal_access_client`,`password_client`,`revoked`,`created_at`,`updated_at`) values 
(1,NULL,'primary','GgAUZzLYJ5nrdY9Q1R4SGnbvFSlbJk5HzdMEiXBb','http://localhost',0,1,0,'2016-10-15 02:00:45','2016-10-15 02:00:45');

/*Table structure for table `oauth_personal_access_clients` */

DROP TABLE IF EXISTS `oauth_personal_access_clients`;

CREATE TABLE `oauth_personal_access_clients` (
  `id` int(10) unsigned NOT NULL AUTO_INCREMENT,
  `client_id` int(11) NOT NULL,
  `created_at` timestamp NULL DEFAULT NULL,
  `updated_at` timestamp NULL DEFAULT NULL,
  PRIMARY KEY (`id`),
  KEY `oauth_personal_access_clients_client_id_index` (`client_id`)
) ENGINE=InnoDB DEFAULT CHARSET=utf8 COLLATE=utf8_unicode_ci;

/*Data for the table `oauth_personal_access_clients` */

/*Table structure for table `oauth_refresh_tokens` */

DROP TABLE IF EXISTS `oauth_refresh_tokens`;

CREATE TABLE `oauth_refresh_tokens` (
  `id` varchar(100) COLLATE utf8_unicode_ci NOT NULL,
  `access_token_id` varchar(100) COLLATE utf8_unicode_ci NOT NULL,
  `revoked` tinyint(1) NOT NULL,
  `expires_at` datetime DEFAULT NULL,
  PRIMARY KEY (`id`),
  KEY `oauth_refresh_tokens_access_token_id_index` (`access_token_id`)
) ENGINE=InnoDB DEFAULT CHARSET=utf8 COLLATE=utf8_unicode_ci;

/*Data for the table `oauth_refresh_tokens` */

insert  into `oauth_refresh_tokens`(`id`,`access_token_id`,`revoked`,`expires_at`) values 
('043c7024425eff2ed81adff704474a38872b78c30929e18db1ee333fa1db50372264bc716a88d0d1','0fb14b65861d72828db97a9483133c3b3ec4f8a7bb807773683f11c0bb522af5b5404c65b25e8411',0,'2016-10-19 01:14:51'),
('08906368271b70e1e594311b625f658ce7281a494df3ed0c6de484e2aaa194b96deac47608ffd5a6','ea0c5cde17ef4e7794c60b86367f54442c2005ab05ca0a4716d07c71e84ef3123dfd2460f3e90a97',0,'2016-10-17 05:49:08'),
('0aef8b991cbdb637b667cf5e2ca207ec21dc34dc09bd458e19d6359021f609023f0729cb5ceb75dc','b5b0f72a67999d34d02d55ca1c8bade19e543c9ecdb204e211477808e63fe1af26b1ef7efb37c1a6',0,'2016-10-17 07:01:01'),
('0d975268eac7b7830de03e39ebdc26ad6fe6e191d2b93d4a008db4296513d26ea05513ef589acacc','9d8de4f81f8badbf6cba98ef7e8a69f85e12b3ea1923ecda00d90668dda0ece6c06eb83061e34a7e',0,'2017-04-04 17:24:33'),
('0edc4f61733d4e1ae63400a44d9b10f18f313caa8f50eb5dc41b0c341fc3d5d6cfd49d54d70515b7','45b27b9d6fadab606950c4a15bd917f6d542d4c3f2515726615b84f346265786ce8c079fbc193d16',0,'2016-10-17 06:45:34'),
('108460c499d515c2a45698ff5eccc072f9c6e456d028ac54ba387c4838b8795474de442e4b12d365','c7f4f941ceec895ec0ee63c9eccc593f294edc1f49d37390e5e9851dc718eb8ce55e516c12cceffd',0,'2016-11-23 02:06:17'),
('10db901d391f6ec5aed39e60de0b3fa9b411df1feacde47e079b3aee21b228ce51095f5693de0313','7b1af8dbda57d89c4c5ddd07c74207fdb38e49218736c7251ea3ece76544fb2c9535bbe3c7aa6576',0,'2016-10-17 06:23:24'),
('175fc034fa62fdc21444e8731f9fc38a9721256d13c150a5854f87134760dd168f0dc5945a5dbf89','8c6ed33212076940c1cf5e5d4346ce171837a4dc3b4b2bb3e4f10c2d3e97045a728bb4c9133045cd',0,'2016-10-17 03:05:01'),
('20fa317993ad73b5bc6c99cb87d118f9a91cf16f1cde1824569469933a6e8b196572f619359829d9','efea9ed564476d16227ff6f59890149b1d80b53a50f42a0e1679387c6f2f33046f0e7fabaecad3ca',0,'2016-10-17 02:10:00'),
('217164683d2fc9ccce7f2cfd8942d2762b4433066c387765a4660242a4b3207793d53aaeafe112e3','328ce66df9bf3bbb786143c702e02be4d59e883fe0c36eee2cba259ac7058ab66926198561e36be1',0,'2016-10-29 01:54:04'),
('230496192e1f2e8d8ccd52c402bfd5fc8cdf809f4cdcd8567ab70d1b102c851dc5a803ea82105543','085e10e00afd4a1565ef2b2bbe0cfd1318a8efc442e0f7fa810f750edb407e26dd659042b5222fa6',0,'2017-04-04 16:49:32'),
('28084e94ee6f4b4372df7bd34cba8e498cf43b26192da76d34bd00b81c097477984fc1601426afd3','d91bb2a303bdfcade772c1953cd85deba212ee9fedfa063f449173635345be494201022dd80e691f',0,'2016-10-17 06:50:44'),
('2a00b8b09f03bab013f9b5a583ea8f14f4e92d5be704c60b197a86cd09b7366c07e84cd1d9d69c0a','ab2be03d605f947723f8559ee69df9a195728e18b2c35b736f62a67756856fbad599816459893629',0,'2017-04-04 20:14:07'),
('35435f2c6c05d08be3f9cc7143c4b2a3341220165ff9bcfc891a81a52feb5e6d10ed4b21262b5787','2704c1bce5bb4e7f2c2d2583da8b596e4a576822378b1102efdce1560f4cafc6c63ca45e49eecb38',0,'2016-10-17 05:23:58'),
('38c3752e17bc29220b33d8d63ad5923548a6b1b20cdbd6e4dfe8aae85decca7cdfc6ae8abce65c10','f79a0168250ecab44147de49e3e95fa1107b367f745c106717256f56d1e6826a9e3e0cae350b4970',0,'2016-10-17 06:36:38'),
('3a3e899cf8e99949f3dc3b2e2131aafa1a1e06fe72bc6554c8af7f4dc84f7f778aae06ed9306cb99','15ade8d68508f19652dacd43f34afbc114514b99293432ec731a5a02d93686f361030010c8400b0f',0,'2016-10-17 06:05:14'),
('3b1116e12cfaf34fd44dbff13a279c14dfcdc7689cb7280664b1a4aa96a962637be71834844585e8','cc4175a7620c34fa83b2a34e5668fbd6c9f162061951377ed4ba5451d7a05c5779b8356e5e794842',0,'2016-10-17 03:40:21'),
('48b0b0a505eb1be324e6fea072593c0d1842e10688575d07648542bd7c5e3c94d2ea7d1cbea8d250','7c910fe8a5ac35f79c8be7b459b7c9be3444f083f75fc5c4de54b713f1aa308aabababf8e2c144c8',0,'2016-10-30 21:54:57'),
('494b23b08c7f7eaa5059c0d5618bd80332d58a47c81094b1df7eb06860924ac157125427f522b5c4','9bf373266da036711965920e9847b4865b03291e137a465cce1f59865a3b8e86094b1e9656065aca',0,'2017-04-06 20:04:40'),
('497e907feb3b8b0ef679ad29eb6f2d3a8e8125ce12e28b4c07e239c6edc577d30dee533798817625','c15e79c2a1eb6c8f0f6df89b3ddba8452237ba4798674a340e66b641a7c7833a700520f4ca0a9765',0,'2017-04-04 17:18:53'),
('4bc5e30e43019bf811a3af657470e71a598552ed9898a5947baa866f5068666c7c35e00aa9e50afc','d7367b439c12ea82066911f41a38c1b73e773ae403b0561e39bd742fcf8c2b44ebaaabc9e90f8467',0,'2017-04-04 17:14:40'),
('4c6259bf867bd966ded51a0bade336ac70f07e3d98b11dcb38f8f6e96607daaffb89dc94821c4629','5d13723c70d38d5b59e40337bae533df6c1beb74e6f0e3ca0b96e99bf982f87ca1af19c5dced6e82',0,'2016-10-17 06:06:04'),
('4f960c020d7b084dada7df4512a0ed1465aaea02127ed5a061120b4bc3011d0fbf214b947b0be68d','3a47ff1cb0804651724ac695cfe95e1a561d8ee7139b6cd9262f6874b43e9157d377ca94be128763',0,'2016-10-17 06:47:30'),
('4fd545810ce65ad2b4ca8aa85d3b2bb279982de7f0b6bc0566aa063008264cb20263fc525599fef9','958390804e1858aa7ee8047b209b9cbfd436c683433a9845acfdd3fa9ce23dbd56573d5e94ddf2c6',0,'2016-10-17 06:37:57'),
('543a7db7a521698e3f6656e476748ef96007e1e099b71b7edca24d02a34a600725939b3716f7af16','80c4bbaf39b041ae64cb7d4ba4de4bcd401661224e02cce9d5ff744e8c7da89c2974b1a1be776a79',0,'2017-04-05 21:43:50'),
('580ba0fb0280509340c32b1c7aedc59a29d6a8208eb32f286a29f6b773c2e8d03e3e52a15605ad8d','c0f0b08ee92ce3da3b9fe246c79f68afd3d74705113609426bfef42834d0ac92141139670d6c5510',0,'2016-10-30 21:52:39'),
('5a19ddd25b5c329d17a6825faaa0301a5a23a718ab136c04b857e37894169f1e8a3c9f61cce5aae9','e45b81d0d96de0d680adc1cb203d1a8057dea8211c83f0058f40389fb4050809365318c1606a6d5a',0,'2016-10-17 06:19:20'),
('5a861328fa6b7841b1b59624e2c45c1a2e79ce75f26de46a6f79a66203ce54fa7a6f214067a958a4','2a2125ffc0807be50311260ada7bb9f69a03ebcb4f233bb3ca81db52fa8d54540d6307c10f7079de',0,'2016-10-17 21:59:52'),
('5ec27e8dc4cdbdf6b8b7aba287036d43839c19f9de68ffeaa7d5c58b6d7582b5628c05400e170687','225025fe3eaa2c7e4378eb93b03a3c42bf5a710259597d04f3b7916f4a7df896840cb2df152e0177',0,'2016-10-17 06:13:10'),
('5edbaefde40917f4919a4d194cdf7def219f6d11c9afb5ddd3ab39b61056556fd81c8431a01150ed','5994e86c7e639fd6343838119ea4ac5313886f1e04571a34935841a36cc68bcfc90904387530b7ae',0,'2016-10-17 05:26:57'),
('5f9bd5e27256584c9ed2deba90409f3e48945175b803b88720d81ff59f871b2d4f72c08b922094a8','e4fc121cf7343f575879be9ed11bc581deb7e748c4578382c11c611c7c048dfc5d2d991f80ac9ff9',0,'2016-10-17 05:50:43'),
('5fdc07cb4ad857f0f038f235568dfda19e65913ef524f8b673d0673ca4a349c0beb4a28ee321abf1','322aa7640f6224d8147de7090b765d60128cf0085010cd166405f5cc2e96ff63bcbfb058cf489877',0,'2016-10-17 05:30:31'),
('6261b73f7b64c55e5b257ee566edb55ad865be75032c90586089c4b9de3edee54bf043d184cf427c','dadd8e8e4ce46167608d2173a7dad45f102a188536e36ab0446e6c51a55613c8d32149de4f1358e8',0,'2016-10-17 06:17:35'),
('62d7fd49ae636ae35c7ba2297fdde72f1209d121dcc5e9c1580780c507552061cdec7fb9e0c7217a','50139af1a9e75b7ff735c006975642bcb5733e466f2177d53fc81e332052c8cc80fd177f18dc5f99',0,'2016-10-17 05:36:06'),
('661b34ce9c89678168b2144f6343cc0fd182c6686d7c7f70d2986807e15d8fd6171624e342a96798','a2540a275eb5b96fa88d0bb7df3aa019f5572d6bd51edb551d6add60223d8d0fc2d820e0061a0c1b',0,'2016-11-12 04:13:56'),
('68feaacab16ec9cf8caa3b1a91c0c8905696e9e0d40b69cfc78500c516710f7679303d35a0c222c2','15d2e4e29393fedaa178086c013a2dede03cdb667e2306c8b572c06c286b6256f8e25b2298e1daae',0,'2016-10-18 01:44:25'),
('6987db51a3c0c3c07af52d80ad864559e28fa1950f8506826fbd1695191b665fe422a31ebd469698','ac7092018b3fc3072c9821795343fb52c73e358cb0dec0bca4f7ceaa3be34c9ec1a6d2eaa166fe76',0,'2016-10-17 02:01:49'),
('6a98bace494baf00995e782d4db676bf15fd75ed21c01d983a67d1aa3996d506a7c901b1123bd50d','31ddeeaa7e77f535427d643667af6474d6a3bdd531eb936cf9c2638428fd555e8fccb40d8ed95ab7',0,'2016-10-17 05:34:42'),
('6ccd7a6ec959a2283629752c5fd142b413fa6db7daff71bf55d6954e716a50507e287d6902778bfb','c5eb72e979515a832cb0e2e74a1941380f07daa99579a7360b249b41351bc6afe2964c1f4b7be5cd',0,'2016-11-12 04:08:12'),
('6efeb5a7c31db445fbf89861c7e8073e910fb0ba837701ed33b59dd5bfb520c0272e96700893b5e9','33635883310f441b6cd825e79c2b80eae02ec8414a75b6dd50f550e9093daa2b8a86862ddff0e62b',0,'2016-10-17 05:54:21'),
('74db991697166b08ed2f2740700c96a0098993bbdc67d6a0dea485023be316802bf78f6d5277687b','2a681ac0856a3e85416c3c1fe263e61a53bd01f5618a62633c8587894fb59fd59767f1d9a8936e01',0,'2016-10-17 06:39:51'),
('77d30572efdaa23919b13ae6dc48333fb2cec99b77e4da6a0af3e2ef94eb53223ae78135744b0614','4745b5a5dfdac77f6c1115ab443b776865272f7c7481687267fe98ba81a0fc7063ff241634206394',0,'2016-10-17 06:29:15'),
('782e47fa7f843e3ce260c470f035ee0669fb20d7b1d065bfc0151d7a573d775f5dd755e958d3da11','1f2bf2e84b6543fbf25f4c3486b05f8c4f94280d00967f1097057f6e6b74f04cce41eb69b2e6592b',0,'2016-10-17 06:48:47'),
('7cd85bcdda0134f6ad70b36c43994057139148c4a6e6a59cdd2159aff814f27c578ce8b6f8a70c5d','7cc524bb4cf58f8961d034c9c37e30b7726ca0a8c4bbaa659a05e6184d06cb3a63766f0525e9d5b1',0,'2016-10-18 03:06:45'),
('7df67333dff42d5d72dc78be75a38e2099a9b3486e8069bf709a6aea68c48cb6330800756d494f0d','c18d63a81db8fb9f57391e7b0ca7b328b1a1170841a2cc110a367e0a3a5d98cecfee0734c3cb4a53',0,'2016-10-18 02:25:32'),
('7fefeefc8b6eeb60ae7209be9679b73ef022bdb2b6e9a34e8d69a8100d24aa5b12ec984f76c26afa','994b260d2c871097875bd75cb857b659325e3980b651aa28eee1db01f16e3dd47c2661e1a2d4e009',0,'2016-10-17 23:17:24'),
('82662fb2ce15bf1a95015c70dbeb5ad66f84d5c68326ff455991000d064e9edf6d2f53e6520d72f9','89bc127c474f9c73e5d22552ada9b72680eb79f51a8b3290ae2841a5bf1b7d8b2222f3c6cd900433',0,'2016-10-18 01:46:13'),
('86de261230f9f603034e585e5d5bc756b13306f8eb4d0765cda3596620f9115aab56cb539449bf4a','13a8435235f3f4c08b0950cddf1d8dcc1266b19d10062439950bb61921b0a774a11e99023aded2ab',0,'2016-10-29 04:36:24'),
('8d23efd9725ec9db5bce7a0b92ccedada11bcfb4082c2ed17c5da15a4a75b865abc78a2d8f2a6eaa','8fa6893317c6a4982b8e53470d0b3568a4d1d6ffe175238ee0f6aefdc3e59967833fb20a917eab83',0,'2016-12-06 12:08:20'),
('8dca9a0f162a265ab0718ddb304f9aefde149b8dc66c8737970d52011f42b66abc0b67a93f3342c9','f0e593963486bc66789823230ed549d113fc50001d4bfb537c0e936ccdd0d7ffe74e5dc908d854b6',0,'2016-10-17 21:59:28'),
('8ee8a1b944a5e5864da9e6c8eb3e7d5c66665601f6de6c57f00c22fdc7d6afbd047f9ed95ae691de','cdccc006c304db60155ff26bfe0c67067b27beaf67506c1c5e70bbe93c5498096978cf931bd065bf',0,'2016-10-17 05:53:06'),
('916c4f6a1e2e0249c907799681ed6123545b8d213d6f213815da2eb72be1e467aad519eb8a82105f','3d8fbf0e8bc1c22bd92597379ef3cd27f913c898aade1efe74cdf09d9d2d4528b289d9fe3038043b',0,'2017-04-04 16:42:01'),
('91a700843c438d884a6aa6ad99dfc93ac21dfcbeb792b1d52c7f703ed89e6b7ebb98681948cba8d2','2e98484905a362f4ebca4d037a2fd91be7b189f741a2a2b425f1d49fef3b41ea2397829c4fe9d7a4',0,'2017-04-04 16:44:23'),
('a2ccfc779e0e40119eb20a060ed214be4069d3fef7e86108f10d81f5b94cc3bda200ec8c16ba56fb','662bd393e9d8872180230667aed8cdb869209c98005f925ec90946b83b491995abdfe99ffb5c2b95',0,'2016-10-18 20:07:13'),
('a40d113d0b4d8b8d394ca3d1590821430ffbfd74577f6de4c3b5184392e07e91f056eed873b25638','68be69d87ab6ea3819d07630b8004941fa30ce05a07c349ac656dddc1f302291c48112af5c61ac27',0,'2016-10-17 05:55:24'),
('a808dd12a1cb2f6a0a1d3e130fd27e67e68ec49d37150d77a2b6841539363d910cacd9171d64f20c','8d5e78696f9f10c065956a50511a9e30e817063cf975991ef855edacb0868382fb0af32a88cfff67',0,'2016-11-09 03:35:27'),
('a9cf8991f21ec29414fea073aa2baceca7c1ffef71151beb3a857990593186243657d74213b3c587','b3c28727de924615c8526c8dea7343829c33460b0232b1bf60e5118fbdd686a70ef10b0995619540',0,'2017-04-04 18:24:05'),
('ab45ecb4bf844cfd796a2e5d1194d193b55b9d0704ec164d7824a005ada465edb9335eb3d69cf527','68bfd440589d84be8e6d770dc10a5e3b7580cd1dc4488c42579f6175ebfd2d192e49832853646545',0,'2016-10-17 21:59:28'),
('abdb7070334dc01fa10d466b826346f93a8071d6021b27fee99b36a8bfd1c699918f6c639ddaa8d0','1ed6d7f375655b68eccac3c730062eec78193e8eb291f449682389fec5e2970f7707d134b3b9a736',0,'2016-10-18 00:19:48'),
('aff948885136eeedcb098e025115175401cca3277e7ba8165f2f6f31c4b18e8ba5846b74fa055bad','2d1a5d18f6509045148238dd597ae91bad1578c1bc09bd908b74f96c6dca560524b0330200023d69',0,'2016-10-18 01:50:44'),
('b2f5d1d259d0df597066074f61c87bee4b8dec6245adac7165988daf14bdedd71fc389bd8d303d97','033c530f825a5b3fd769d0d4bb03cf5ee5aa7c282d29831630308f92c4b68a6ef365891f2c6688e7',0,'2016-10-17 05:19:11'),
('c0a2ec0d3186509001b79a67bfa88c9cf1d4e19a4b37393d2d2924795a48567efd650c14d2ac6f5c','dc6cebb0f1d3636eb57cd1343e917151cd73435f42704a8513416010397c366b9f3cdd900e36a5f9',0,'2016-11-21 22:51:26'),
('c2f062a7bdfdf61d2cf9f3f8cc0643e83b845bf2b9a8875e7b3c039150936e2b266ab26df3b095a4','0bc4d80b73aa92f87cdf846fe4ef02621d30cd2bc353e6632bfe5e832753baf275bca4ea87dea928',0,'2016-10-17 04:09:36'),
('c56130cc122d7a8af96a47735fde6e134ddda4dc1c1d0bda02908f583b8c94aa2b2784ffea3a2097','03f6f0cff514d12354785e84ccecceb5752830348fcc8d1944cb0e4cd6d76fb1370b70b765fda935',0,'2016-10-30 21:49:27'),
('c579b4c10aa6a7f3e47bf270618ac610ce99cab9111789018205a4171ba5dde391ffb756cc487e94','4de98bbd707711cb5a830d942a5da83d4610ac3a1fe076ea54bf3bbdc3af2199d33c0d25bc735b3f',0,'2016-10-18 00:48:29'),
('c8ba2317815e31f638f0184cdf13f0364e6958cb7a89dc194af4e486e0eff5defcc82e37cac53079','695c499910f7f89e469f488574451eb7d0b696a00909cb7265ba982198ccb5e6d1a2456b275a59a6',0,'2016-10-17 05:50:34'),
('c96b5bb1daab6f95b02fd967f5a876d55ea84fb0d2725b8bc64a6643b365bd2e02e30e2a143efba0','5b273af09757f2e0867606a51ae6f13baa9c8409ecbc6e33a1d62f73c5b1b8c23922ed13efb61c34',0,'2016-10-17 03:39:25'),
('cbeb7deae5c93b19be72de246fa73ad69c27f3f5e2e9ca8d78786a28615e74ec4a50a3b2496fc698','35db805000f5473f916b7fdad66485ea93401a61875f571b30ffcde6c6ef35df57bfd6e74aca1668',0,'2016-10-17 06:21:58'),
('cd1f5ce2ce59228e8f8ad0b5b10e18927e9b092f44eaaa2cbe5d7a08c98c4fc233f2f86742218ec7','dd0d2b95b025710911dfff4057ffc633da49aa0e489e96bb08df20b4a92a66e7bad38de3174671c8',0,'2016-10-17 06:42:35'),
('cd6c5507b59c55e68356ca666fe9d38120f7a8f7cab8405fb3021bc4dc6ebcfd27d6b6cf550e94a1','d11a94f78c985397d554bcbf19a4a49e08af6895690da7eabf1211aaa9923ef8dddf8e1aca74e8cd',0,'2016-10-17 05:27:44'),
('ceeb1e4b19662787fcc16c8abc7bcb1474bd49a2cfba911f73168c523f0ccc8cb1814cad26e7a8c9','d43dd9c25a09f3ae05a1be752c9ef9706c65959ab6e489b8b5ce1f4c9d85060981652d3126e8a5c6',0,'2016-11-09 03:27:10'),
('cf175c1c4878ac62db9b537cef5d8629254a1a33f962e6eb09f5223a53eb69a30220917cf2539554','09485bcdbdd05c8dbc88410c3a31611f45c957597a4219b8bfe58c0fc12a5ccfa6242f0b03c6f618',0,'2017-04-04 17:26:14'),
('cfdbf8876c0b1e20152103d6eeaebea7afa1c265ca1762e743bfbef2d31f398f9c9fc4887f7a6ec8','476adba24889354beca8288be9dd129e0a65abe0ccd9135b7ecb30db2437a6d212b3d1769a1bd9df',0,'2016-10-18 01:48:28'),
('d049f4701e2139d42782ef27f006c9f8dc8fd24bb5f85354352e3e5eb10cba33d9a5c8654ab0c245','e01c7f18fa0246b0a3bf171294ea33da0a077f3cf64df7a9179fd0d5c1e86551585d1c6503f76026',0,'2016-11-21 22:20:35'),
('d14d30724307e572a155c06e91cee64d235cd4db000f4eabc7f001877086ee3b00ee3801f4368c93','4476e876670cda886fafe7c146c309e2e96a3f382963fc4503e5ca2a97c3f7c1fc7abd52b4e4daa8',0,'2016-10-17 21:59:28'),
('d27a5f3eda977d05d65c857c1099339846e669f0a722464e70833cdb1dedd395d4cb8d2be03e2321','3b46a0c7eb2918fc5e4106acb9cf7a01ebba7abdae56c7e59783a959a1ff4a2ef9526fb5303b90bf',0,'2016-10-17 06:51:11'),
('d4ffd064f543f055ed44d4526d5aa3a8838cd5d346b20f93c79b8fa42bd31f9f78b71c33c78251b6','115470716ac1dfc23588526480c612ad43007fe3ff395d3cc2ae0cdc2c3a61ce3e2c27628072d60d',0,'2017-04-04 16:38:51'),
('d861909448c89da6f5625f8e972a012607466cfac14a4c49fdfecb257818f68eb98e1dd0c15030ba','b1ff654d522a50e347cdb4f7334c35c6387ee87e5903dd29eb3a4fbc580cac8469691b134473274b',0,'2016-10-17 06:49:02'),
('da52c19db7bd01907af3a575407ec1990aadacb7b04933018e2e5354dc7ed9592e8043cf13a7f2a9','516178412ead46bbba034eb0c98b98703394f879f7eedb0a429ad8bc431ccdc7a7600470e57923fe',0,'2016-10-17 07:02:46'),
('df9ab21fcf2a8f60795cdc99962d7cac1edfa8aa19fba7bf4c0c577b92675e58a6f80cc44b7d046b','a89d8bb811bb532346334001a260089c3dbdb3b72bc6c38227061d2919f9a59f667b29687ce2c832',0,'2016-10-17 05:50:32'),
('e131cd4e04e1b1ebc72adeb4dfe4e15e920f0df5bb4df58da7df37c9b0a3de2f676840783a7911ac','72f3e0f882875015f6042331f34fb8d426a96f06b26e1f71c6c7bdba32dacc6e8487e58ee1c5c59c',0,'2016-11-29 10:13:19'),
('e18ae61121d9a4f494a6f5f91bebd0e4bbf182d8fc33ce70efd4c808ca59eaf6d60642b7d47de358','7c75077006186a37987e539fb94c708e73b36595f45ccdceabdc2748584148cb8ae0b4c8f8b0f223',0,'2016-10-17 04:48:53'),
('e364f7c7fd4e7645f4ea20a76e7a7aa088fe4915fcbc42db6508ed9b7898173415299e3f1952171d','ebb2a99a18b07068c1737ce75493192b20a1c0c7eea6569b9b4ad0f196756ce7c727dc68203beece',0,'2016-10-18 00:47:58'),
('e48ed19b997356ae951280dea4d5398192b4c2b749ae36ab9ce417b3e26ebba831694c437ac38d76','ecd000489206aaf7d8f5cf63ec9a70145670f035d555d546925e57ae6853b06afd411149b6400d37',0,'2016-10-17 05:26:17'),
('e54ea847413e203664016b586d4b8f9f2de6729b735da9edf2ea647adaa12d6357b1f01be4df3120','f3821cb97bc2838bd856f59351a6a941ef70b177b0627a243fc20b10214ea8330f6ddb6a07730095',0,'2016-10-17 05:50:52'),
('e79fc27c3b9515180f71e64cda41789f284e0f3275e1b606f620719e610dbb0d79ffaad3158041de','a7e8f102f44522ed32f7bed0c510c981ee3286b23efffe2fe85989f7038442820e4777f61a3982f1',0,'2016-10-17 06:48:10'),
('e9867e5b9d63a138f18ba066fce7fa7f8e2e7e81ca28418110efd847649e6c6c1a8c6348a21a9122','2889047637573ed0b9c2f642dc930ed7948f29c0a9892c2695288acbdb1784c441f467993b8e7829',0,'2016-10-17 05:32:13'),
('ea59ad66ed0e63f64d033424ce52cdd35594cdf14e769cc0619b281e5645732d6864220134cfbfa4','5a78f2d62b287586e434d643c1e05bb3bb443621951e04b46a2b196eaddc44e4cd2d2d5cf4cc14fa',0,'2016-10-18 23:07:01'),
('ed2db5a162c11e3e5c218cfcd1b06487f241339cdb0f3fcf93920ac0b3ac49969dba2c40bd88d0a7','4d0120e1a45c03826578e7abefca8628c73cfb05717a61321e41f34e3871dd0977c979289e980e35',0,'2016-10-17 05:46:04'),
('ee218b5554947728ef22ff7e5946c0df67008660b54d921b0ec2da9ceb967bb635c15dafbcbdf8c8','e1e3243a35f5ae29e81596f4ee832368122f0f5754b1aa9233a192e84b33f70fca6fd5b0fc52edcf',0,'2016-10-17 06:41:04'),
('ef3b303ccade1dc50767ee913da067f8df28974d1cec53f57e8ef8fdc2a15ddb1abcde3f1561d2ed','ab65ca745ad65a59f9455779a283e249dbc3582d6c2521dec56c4872f6cc7491141589723f4ef540',0,'2016-10-17 06:15:42'),
('fab4cd0c550e331e79c45c2ed54119d38dd8a4f9e3bcfa53f6f5aafa11d9e005ae4bb09c2b62e571','4de221ed7723baa2da299364e6ffd9ba3c7a7dd48e98b1ad0e00ea27a2e882e9b0fe53eabbfb83d5',0,'2016-10-17 05:57:27'),
('faeb72c0deb809702c8e531cef2bb25fa7fa56258a8d80d88bcf5531052e06e42d86186110114f48','6ec06c934187ea56991eb6b2e0814d376c42341633b965458d0185c810edd122661a941bab6e45e0',0,'2016-10-17 06:46:54');

/*Table structure for table `password_resets` */

DROP TABLE IF EXISTS `password_resets`;

CREATE TABLE `password_resets` (
  `email` varchar(255) COLLATE utf8_unicode_ci NOT NULL,
  `token` varchar(255) COLLATE utf8_unicode_ci NOT NULL,
  `created_at` timestamp NULL DEFAULT NULL,
  KEY `password_resets_email_index` (`email`),
  KEY `password_resets_token_index` (`token`)
) ENGINE=InnoDB DEFAULT CHARSET=utf8 COLLATE=utf8_unicode_ci;

/*Data for the table `password_resets` */

insert  into `password_resets`(`email`,`token`,`created_at`) values 
('jdream_catcher@yahoo.com','39503a4aa38e8d475103b0ef7ef7de865a84da3759ee9e000ffa48a333307516','2016-12-04 12:09:23');

/*Table structure for table `raw_records` */

DROP TABLE IF EXISTS `raw_records`;

CREATE TABLE `raw_records` (
  `id` int(10) unsigned NOT NULL AUTO_INCREMENT,
  `symbol` varchar(255) COLLATE utf8_unicode_ci NOT NULL,
  `amount` decimal(16,4) NOT NULL,
  `percentChange` decimal(8,4) NOT NULL,
  `volume` bigint(20) NOT NULL,
  `asOf` datetime NOT NULL,
  `materialized` tinyint(1) DEFAULT NULL,
  `created_at` datetime NOT NULL,
  `updated_at` timestamp NOT NULL DEFAULT CURRENT_TIMESTAMP ON UPDATE CURRENT_TIMESTAMP,
  PRIMARY KEY (`id`),
  UNIQUE KEY `raw_records_symbol_amount_percentchange_volume_asof_unique` (`symbol`,`amount`,`percentChange`,`volume`,`asOf`)
) ENGINE=InnoDB AUTO_INCREMENT=227 DEFAULT CHARSET=utf8 COLLATE=utf8_unicode_ci;

/*Data for the table `raw_records` */

insert  into `raw_records`(`id`,`symbol`,`amount`,`percentChange`,`volume`,`asOf`,`materialized`,`created_at`,`updated_at`) values 
(1,'2GO','7.5600','-1.5600',141700,'2016-10-14 15:20:00',1,'2016-10-15 02:01:11','2016-10-15 02:01:17'),
(2,'AB','10.4600','4.6000',1500,'2016-10-14 15:20:00',1,'2016-10-15 02:01:11','2016-10-15 02:01:17'),
(3,'ABA','0.3700','-1.3300',860000,'2016-10-14 15:20:00',1,'2016-10-15 02:01:11','2016-10-15 02:01:17'),
(4,'ABG','15.5000','-0.6400',18900,'2016-10-14 15:20:00',1,'2016-10-15 02:01:11','2016-10-15 02:01:17'),
(5,'ABS','48.0000','0.0000',15600,'2016-10-14 15:20:00',1,'2016-10-15 02:01:11','2016-10-15 02:01:17'),
(6,'ABSP','48.3500','7.4400',240100,'2016-10-14 15:20:00',1,'2016-10-15 02:01:11','2016-10-15 02:01:17'),
(7,'AC','840.5000','0.1200',366810,'2016-10-14 15:20:00',1,'2016-10-15 02:01:11','2016-10-15 02:01:17'),
(8,'ACE','1.2700','0.7900',2000,'2016-10-14 15:20:00',1,'2016-10-15 02:01:11','2016-10-15 02:01:17'),
(9,'ACR','1.4500','2.8400',5109000,'2016-10-14 15:20:00',1,'2016-10-15 02:01:11','2016-10-15 02:01:17'),
(10,'AEV','76.5000','1.6600',1102550,'2016-10-14 15:20:00',1,'2016-10-15 02:01:11','2016-10-15 02:01:17'),
(11,'AGF','3.4500','-1.4300',15000,'2016-10-14 15:20:00',1,'2016-10-15 02:01:11','2016-10-15 02:01:17'),
(12,'AGI','15.0000','-1.4500',3645600,'2016-10-14 15:20:00',1,'2016-10-15 02:01:11','2016-10-15 02:01:17'),
(13,'ALCO','0.2650','0.0000',3050000,'2016-10-14 15:20:00',1,'2016-10-15 02:01:11','2016-10-15 02:01:17'),
(14,'ALI','36.8500','1.2400',23825900,'2016-10-14 15:20:00',1,'2016-10-15 02:01:11','2016-10-15 02:01:17'),
(15,'ALT','3.3900','1.5000',1107000,'2016-10-14 15:20:00',1,'2016-10-15 02:01:11','2016-10-15 02:01:17'),
(16,'ANI','3.9100','-1.0100',3924000,'2016-10-14 15:20:00',1,'2016-10-15 02:01:11','2016-10-15 02:01:17'),
(17,'AP','45.6500','0.6600',2259500,'2016-10-14 15:20:00',1,'2016-10-15 02:01:11','2016-10-15 02:01:17'),
(18,'APC','0.5200','-1.8900',535000,'2016-10-14 15:20:00',1,'2016-10-15 02:01:11','2016-10-15 02:01:17'),
(19,'APO','1.2400','0.0000',2000,'2016-10-14 15:20:00',1,'2016-10-15 02:01:11','2016-10-15 02:01:17'),
(20,'APX','2.9600','0.3400',75000,'2016-10-14 15:20:00',1,'2016-10-15 02:01:11','2016-10-15 02:01:17'),
(21,'AR','0.0037','2.7800',905000000,'2016-10-14 15:20:00',1,'2016-10-15 02:01:11','2016-10-15 02:01:17'),
(22,'ARA','2.3300','3.5600',1315000,'2016-10-14 15:20:00',1,'2016-10-15 02:01:11','2016-10-15 02:01:17'),
(23,'AT','4.1000','0.9900',17000,'2016-10-14 15:20:00',1,'2016-10-15 02:01:11','2016-10-15 02:01:17'),
(24,'ATN','0.3400','1.4900',3190000,'2016-10-14 15:20:00',1,'2016-10-15 02:01:11','2016-10-15 02:01:17'),
(25,'ATNB','0.3600','4.3500',1270000,'2016-10-14 15:20:00',1,'2016-10-15 02:01:11','2016-10-15 02:01:17'),
(26,'AUB','48.0000','0.3100',18800,'2016-10-14 15:20:00',1,'2016-10-15 02:01:11','2016-10-15 02:01:17'),
(27,'BC','2.1400','2.3900',6000,'2016-10-14 15:20:00',1,'2016-10-15 02:01:11','2016-10-15 02:01:17'),
(28,'BCB','2.1000','2.4400',1000,'2016-10-14 15:20:00',1,'2016-10-15 02:01:11','2016-10-15 02:01:17'),
(29,'BCOR','5.4500','2.8300',20700,'2016-10-14 15:20:00',1,'2016-10-15 02:01:11','2016-10-15 02:01:17'),
(30,'BDO','107.5000','1.4200',1967260,'2016-10-14 15:20:00',1,'2016-10-15 02:01:11','2016-10-15 02:01:17'),
(31,'BEL','2.8300','3.6600',710000,'2016-10-14 15:20:00',1,'2016-10-15 02:01:11','2016-10-15 02:01:17'),
(32,'BHI','0.0890','7.2300',137120000,'2016-10-14 15:20:00',1,'2016-10-15 02:01:11','2016-10-15 02:01:17'),
(33,'BKR','1.3300','3.9100',197000,'2016-10-14 15:20:00',1,'2016-10-15 02:01:11','2016-10-15 02:01:17'),
(34,'BLFI','3.8000','-0.5200',302000,'2016-10-14 15:20:00',1,'2016-10-15 02:01:11','2016-10-15 02:01:17'),
(35,'BLOOM','5.1500','4.0400',16562000,'2016-10-14 15:20:00',1,'2016-10-15 02:01:11','2016-10-15 02:01:17'),
(36,'BMM','63.5000','-7.3000',970,'2016-10-14 15:20:00',1,'2016-10-15 02:01:11','2016-10-15 02:01:17'),
(37,'BPI','103.2000','0.6800',1075310,'2016-10-14 15:20:00',1,'2016-10-15 02:01:11','2016-10-15 02:01:17'),
(38,'BRN','1.0500','-1.8700',2303000,'2016-10-14 15:20:00',1,'2016-10-15 02:01:11','2016-10-15 02:01:17'),
(39,'BSC','0.2030','0.0000',40000,'2016-10-14 15:20:00',1,'2016-10-15 02:01:11','2016-10-15 02:01:17'),
(40,'CA','100.0000','-4.7600',2520,'2016-10-14 15:20:00',1,'2016-10-15 02:01:11','2016-10-15 02:01:17'),
(41,'CAL','3.1500','1.9400',1103000,'2016-10-14 15:20:00',1,'2016-10-15 02:01:11','2016-10-15 02:01:17'),
(42,'CDC','1.0400','0.0000',53000,'2016-10-14 15:20:00',1,'2016-10-15 02:01:11','2016-10-15 02:01:17'),
(43,'CEB','103.8000','0.7800',569640,'2016-10-14 15:20:00',1,'2016-10-15 02:01:11','2016-10-15 02:01:17'),
(44,'CEI','0.1520','2.0100',4740000,'2016-10-14 15:20:00',1,'2016-10-15 02:01:11','2016-10-15 02:01:17'),
(45,'CHIB','38.0000','0.0000',922400,'2016-10-14 15:20:00',1,'2016-10-15 02:01:11','2016-10-15 02:01:17'),
(46,'CHP','11.1200','-0.7100',5888200,'2016-10-14 15:20:00',1,'2016-10-15 02:01:11','2016-10-15 02:01:17'),
(47,'CIC','60.0000','0.1700',87920,'2016-10-14 15:20:00',1,'2016-10-15 02:01:11','2016-10-15 02:01:17'),
(48,'CNPF','15.5800','-2.6200',3216400,'2016-10-14 15:20:00',1,'2016-10-15 02:01:11','2016-10-15 02:01:17'),
(49,'COAL','0.3800','-2.5600',1460000,'2016-10-14 15:20:00',1,'2016-10-15 02:01:11','2016-10-15 02:01:17'),
(50,'COL','16.8000','1.2000',13500,'2016-10-14 15:20:00',1,'2016-10-15 02:01:11','2016-10-15 02:01:17'),
(51,'COSCO','8.2500','1.8500',2200400,'2016-10-14 15:20:00',1,'2016-10-15 02:01:11','2016-10-15 02:01:17'),
(52,'CPG','0.5700','0.0000',4742000,'2016-10-14 15:20:00',1,'2016-10-15 02:01:11','2016-10-15 02:01:17'),
(53,'CPM','0.5700','0.0000',144000,'2016-10-14 15:20:00',1,'2016-10-15 02:01:11','2016-10-15 02:01:17'),
(54,'CROWN','2.0000','0.5000',210000,'2016-10-14 15:20:00',1,'2016-10-15 02:01:11','2016-10-15 02:01:17'),
(55,'CYBR','0.5400','1.8900',3769000,'2016-10-14 15:20:00',1,'2016-10-15 02:01:11','2016-10-15 02:01:17'),
(56,'DAVIN','6.2000','1.1400',136900,'2016-10-14 15:20:00',1,'2016-10-15 02:01:11','2016-10-15 02:01:17'),
(57,'DD','53.8000','4.4700',1505060,'2016-10-14 15:20:00',1,'2016-10-15 02:01:11','2016-10-15 02:01:17'),
(58,'DDPR','103.6000','-0.1000',61100,'2016-10-14 15:20:00',1,'2016-10-15 02:01:11','2016-10-15 02:01:17'),
(59,'DFNN','6.6000','-5.5800',82000,'2016-10-14 15:20:00',1,'2016-10-15 02:01:11','2016-10-15 02:01:17'),
(60,'DIZ','8.3200','0.2400',300,'2016-10-14 15:20:00',1,'2016-10-15 02:01:11','2016-10-15 02:01:17'),
(61,'DMC','12.6800','1.4400',5151700,'2016-10-14 15:20:00',1,'2016-10-15 02:01:11','2016-10-15 02:01:17'),
(62,'DMPL','12.1800','-0.1600',21300,'2016-10-14 15:20:00',1,'2016-10-15 02:01:11','2016-10-15 02:01:17'),
(63,'DNL','10.9800','3.0000',5098400,'2016-10-14 15:20:00',1,'2016-10-15 02:01:11','2016-10-15 02:01:17'),
(64,'DWC','2.5000','-1.1900',128000,'2016-10-14 15:20:00',1,'2016-10-15 02:01:11','2016-10-15 02:01:17'),
(65,'EDC','5.9300','0.8500',8520400,'2016-10-14 15:20:00',1,'2016-10-15 02:01:11','2016-10-15 02:01:17'),
(66,'EEI','7.2500','0.6900',185000,'2016-10-14 15:20:00',1,'2016-10-15 02:01:11','2016-10-15 02:01:17'),
(67,'EG','0.0097','3.1900',7000000,'2016-10-14 15:20:00',1,'2016-10-15 02:01:11','2016-10-15 02:01:17'),
(68,'ELI','0.7400','0.0000',118000,'2016-10-14 15:20:00',1,'2016-10-15 02:01:11','2016-10-15 02:01:17'),
(69,'EMP','7.3700','1.2400',536800,'2016-10-14 15:20:00',1,'2016-10-15 02:01:11','2016-10-15 02:01:17'),
(70,'EURO','1.7800','-0.5600',1000,'2016-10-14 15:20:00',1,'2016-10-15 02:01:11','2016-10-15 02:01:17'),
(71,'EW','18.8200','3.4100',1285300,'2016-10-14 15:20:00',1,'2016-10-15 02:01:11','2016-10-15 02:01:17'),
(72,'FAF','0.6700','0.0000',43000,'2016-10-14 15:20:00',1,'2016-10-15 02:01:11','2016-10-15 02:01:17'),
(73,'FDC','8.1200','-0.3700',83300,'2016-10-14 15:20:00',1,'2016-10-15 02:01:11','2016-10-15 02:01:17'),
(74,'FEU','992.0000','3.9800',70,'2016-10-14 15:20:00',1,'2016-10-15 02:01:11','2016-10-15 02:01:17'),
(75,'FFI','6.6100','-3.5000',300,'2016-10-14 15:20:00',1,'2016-10-15 02:01:11','2016-10-15 02:01:17'),
(76,'FGEN','23.5000','2.1700',1161800,'2016-10-14 15:20:00',1,'2016-10-15 02:01:11','2016-10-15 02:01:17'),
(77,'FGENF','102.8000','-10.5300',15000,'2016-10-14 15:20:00',1,'2016-10-15 02:01:11','2016-10-15 02:01:17'),
(78,'FJP','6.5200','6.3600',60000,'2016-10-14 15:20:00',1,'2016-10-15 02:01:11','2016-10-15 02:01:17'),
(79,'FLI','1.7900','1.7000',8881000,'2016-10-14 15:20:00',1,'2016-10-15 02:01:11','2016-10-15 02:01:17'),
(80,'FMETF','122.0000','1.0800',15610,'2016-10-14 15:20:00',1,'2016-10-15 02:01:11','2016-10-15 02:01:17'),
(81,'FNI','1.0200','3.0300',20985000,'2016-10-14 15:20:00',1,'2016-10-15 02:01:11','2016-10-15 02:01:17'),
(82,'FOOD','0.8800','3.5300',531000,'2016-10-14 15:20:00',1,'2016-10-15 02:01:11','2016-10-15 02:01:17'),
(83,'FPH','71.5000','1.2000',175370,'2016-10-14 15:20:00',1,'2016-10-15 02:01:11','2016-10-15 02:01:17'),
(84,'FPI','0.2060','0.4900',20000,'2016-10-14 15:20:00',1,'2016-10-15 02:01:11','2016-10-15 02:01:17'),
(85,'GEO','0.2650','0.0000',320000,'2016-10-14 15:20:00',1,'2016-10-15 02:01:11','2016-10-15 02:01:17'),
(86,'GERI','0.9800','0.0000',3457000,'2016-10-14 15:20:00',1,'2016-10-15 02:01:11','2016-10-15 02:01:17'),
(87,'GLO','1835.0000','1.9400',68665,'2016-10-14 15:20:00',1,'2016-10-15 02:01:11','2016-10-15 02:01:17'),
(88,'GMA7','6.2300','0.1600',77100,'2016-10-14 15:20:00',1,'2016-10-15 02:01:11','2016-10-15 02:01:17'),
(89,'GMAP','5.9800','-0.3300',3000,'2016-10-14 15:20:00',1,'2016-10-15 02:01:11','2016-10-15 02:01:17'),
(90,'GSMI','12.0000','0.8400',127600,'2016-10-14 15:20:00',1,'2016-10-15 02:01:11','2016-10-15 02:01:17'),
(91,'GTCAP','1335.0000','0.3800',120465,'2016-10-14 15:20:00',1,'2016-10-15 02:01:11','2016-10-15 02:01:17'),
(92,'H2O','3.3900','13.0000',9000,'2016-10-14 15:20:00',1,'2016-10-15 02:01:11','2016-10-15 02:01:17'),
(93,'HLCM','16.2000','0.0000',28200,'2016-10-14 15:20:00',1,'2016-10-15 02:01:11','2016-10-15 02:01:17'),
(94,'HOUSE','7.2300','-0.1400',224000,'2016-10-14 15:20:00',1,'2016-10-15 02:01:11','2016-10-15 02:01:17'),
(95,'HVN','13.9600','-0.2900',40700,'2016-10-14 15:20:00',1,'2016-10-15 02:01:11','2016-10-15 02:01:17'),
(96,'I','1.8300','1.1000',13000,'2016-10-14 15:20:00',1,'2016-10-15 02:01:11','2016-10-15 02:01:17'),
(97,'ICT','75.1000','1.4900',4447280,'2016-10-14 15:20:00',1,'2016-10-15 02:01:11','2016-10-15 02:01:17'),
(98,'IDC','3.8000','-3.3100',886000,'2016-10-14 15:20:00',1,'2016-10-15 02:01:11','2016-10-15 02:01:17'),
(99,'IMI','5.8000','0.1700',1283700,'2016-10-14 15:20:00',1,'2016-10-15 02:01:11','2016-10-15 02:01:17'),
(100,'IMP','16.7400','2.0700',20300,'2016-10-14 15:20:00',1,'2016-10-15 02:01:11','2016-10-15 02:01:17'),
(101,'ION','2.0100','2.0300',451000,'2016-10-14 15:20:00',1,'2016-10-15 02:01:11','2016-10-15 02:01:17'),
(102,'IPM','9.2300','0.0000',453000,'2016-10-14 15:20:00',1,'2016-10-15 02:01:11','2016-10-15 02:01:17'),
(103,'IPO','11.8000','0.0000',800,'2016-10-14 15:20:00',1,'2016-10-15 02:01:11','2016-10-15 02:01:17'),
(104,'IRC','1.1600','-1.6900',27000,'2016-10-14 15:20:00',1,'2016-10-15 02:01:11','2016-10-15 02:01:17'),
(105,'IS','0.2100','2.4400',11600000,'2016-10-14 15:20:00',1,'2016-10-15 02:01:11','2016-10-15 02:01:17'),
(106,'ISM','1.4700','-2.0000',916000,'2016-10-14 15:20:00',1,'2016-10-15 02:01:11','2016-10-15 02:01:17'),
(107,'JAS','3.6700','5.7600',112000,'2016-10-14 15:20:00',1,'2016-10-15 02:01:11','2016-10-15 02:01:17'),
(108,'JFC','241.0000','0.0000',478250,'2016-10-14 15:20:00',1,'2016-10-15 02:01:11','2016-10-15 02:01:17'),
(109,'JGS','71.1500','0.0700',2293380,'2016-10-14 15:20:00',1,'2016-10-15 02:01:11','2016-10-15 02:01:17'),
(110,'LAND','1.2400','-0.8000',106000,'2016-10-14 15:20:00',1,'2016-10-15 02:01:11','2016-10-15 02:01:17'),
(111,'LBC','12.6800','3.7600',14300,'2016-10-14 15:20:00',1,'2016-10-15 02:01:11','2016-10-15 02:01:17'),
(112,'LC','0.1920','5.4900',7450000,'2016-10-14 15:20:00',1,'2016-10-15 02:01:11','2016-10-15 02:01:17'),
(113,'LCB','0.1950','2.6300',3490000,'2016-10-14 15:20:00',1,'2016-10-15 02:01:11','2016-10-15 02:01:17'),
(114,'LFM','61.0000','22.0000',1690,'2016-10-14 15:20:00',1,'2016-10-15 02:01:11','2016-10-15 02:01:17'),
(115,'LIB','2.1900','-1.3500',849000,'2016-10-14 15:20:00',1,'2016-10-15 02:01:11','2016-10-15 02:01:17'),
(116,'LIHC','0.7800','0.0000',462000,'2016-10-14 15:20:00',1,'2016-10-15 02:01:11','2016-10-15 02:01:17'),
(117,'LOTO','11.3800','0.5300',9600,'2016-10-14 15:20:00',1,'2016-10-15 02:01:11','2016-10-15 02:01:17'),
(118,'LPZ','8.0000','0.0000',3561100,'2016-10-14 15:20:00',1,'2016-10-15 02:01:11','2016-10-15 02:01:17'),
(119,'LR','4.9500','4.6500',581000,'2016-10-14 15:20:00',1,'2016-10-15 02:01:12','2016-10-15 02:01:17'),
(120,'LRP','1.0400','0.0000',2000,'2016-10-14 15:20:00',1,'2016-10-15 02:01:12','2016-10-15 02:01:17'),
(121,'LRW','2.3600','1.2900',164000,'2016-10-14 15:20:00',1,'2016-10-15 02:01:12','2016-10-15 02:01:17'),
(122,'LTG','15.0600','6.3600',11582700,'2016-10-14 15:20:00',1,'2016-10-15 02:01:12','2016-10-15 02:01:17'),
(123,'MA','0.0110','0.0000',12300000,'2016-10-14 15:20:00',1,'2016-10-15 02:01:12','2016-10-15 02:01:17'),
(124,'MAB','0.0110','0.0000',900000,'2016-10-14 15:20:00',1,'2016-10-15 02:01:12','2016-10-15 02:01:17'),
(125,'MARC','1.4500','3.5700',64000,'2016-10-14 15:20:00',1,'2016-10-15 02:01:12','2016-10-15 02:01:17'),
(126,'MAXS','27.4000','2.4300',124900,'2016-10-14 15:20:00',1,'2016-10-15 02:01:12','2016-10-15 02:01:17'),
(127,'MBC','25.2000','0.2000',29000,'2016-10-14 15:20:00',1,'2016-10-15 02:01:12','2016-10-15 02:01:17'),
(128,'MBT','83.2500','0.5400',3214910,'2016-10-14 15:20:00',1,'2016-10-15 02:01:12','2016-10-15 02:01:17'),
(129,'MCP','3.8800','5.4300',7583000,'2016-10-14 15:20:00',1,'2016-10-15 02:01:12','2016-10-15 02:01:17'),
(130,'MED','0.7500','11.9400',27372000,'2016-10-14 15:20:00',1,'2016-10-15 02:01:12','2016-10-15 02:01:17'),
(131,'MEG','4.1400','0.7300',58779000,'2016-10-14 15:20:00',1,'2016-10-15 02:01:12','2016-10-15 02:01:17'),
(132,'MER','290.4000','0.8300',280470,'2016-10-14 15:20:00',1,'2016-10-15 02:01:12','2016-10-15 02:01:17'),
(133,'MFC','671.0000','-0.5200',690,'2016-10-14 15:20:00',1,'2016-10-15 02:01:12','2016-10-15 02:01:17'),
(134,'MG','0.2450','-2.0000',480000,'2016-10-14 15:20:00',1,'2016-10-15 02:01:12','2016-10-15 02:01:17'),
(135,'MHC','0.4850','3.1900',30000,'2016-10-14 15:20:00',1,'2016-10-15 02:01:12','2016-10-15 02:01:17'),
(136,'MJC','2.0000','0.5000',60000,'2016-10-14 15:20:00',1,'2016-10-15 02:01:12','2016-10-15 02:01:17'),
(137,'MPI','7.1100','-1.2500',38104700,'2016-10-14 15:20:00',1,'2016-10-15 02:01:12','2016-10-15 02:01:17'),
(138,'MRC','0.1630','4.4900',75810000,'2016-10-14 15:20:00',1,'2016-10-15 02:01:12','2016-10-15 02:01:17'),
(139,'MRSGI','4.8800','1.0400',21093000,'2016-10-14 15:20:00',1,'2016-10-15 02:01:12','2016-10-15 02:01:17'),
(140,'MVC','4.1000','3.8000',33000,'2016-10-14 15:20:00',1,'2016-10-15 02:01:12','2016-10-15 02:01:17'),
(141,'MWC','30.4000','1.1600',1036500,'2016-10-14 15:20:00',1,'2016-10-15 02:01:12','2016-10-15 02:01:17'),
(142,'MWIDE','14.4800','0.1400',1150900,'2016-10-14 15:20:00',1,'2016-10-15 02:01:12','2016-10-15 02:01:17'),
(143,'NI','2.8600','0.0000',45000,'2016-10-14 15:20:00',1,'2016-10-15 02:01:12','2016-10-15 02:01:17'),
(144,'NIKL','7.0300','1.1500',2703100,'2016-10-14 15:20:00',1,'2016-10-15 02:01:12','2016-10-15 02:01:17'),
(145,'NOW','3.0500','0.0000',2818000,'2016-10-14 15:20:00',1,'2016-10-15 02:01:12','2016-10-15 02:01:17'),
(146,'NRCP','0.8700','-3.3300',15552000,'2016-10-14 15:20:00',1,'2016-10-15 02:01:12','2016-10-15 02:01:17'),
(147,'OPMB','0.0110','0.0000',1200000,'2016-10-14 15:20:00',1,'2016-10-15 02:01:12','2016-10-15 02:01:17'),
(148,'ORE','0.8400','0.0000',40000,'2016-10-14 15:20:00',1,'2016-10-15 02:01:12','2016-10-15 02:01:17'),
(149,'OV','0.0130','8.3300',400000,'2016-10-14 15:20:00',1,'2016-10-15 02:01:12','2016-10-15 02:01:17'),
(150,'PA','0.0370','2.7800',5000000,'2016-10-14 15:20:00',1,'2016-10-15 02:01:12','2016-10-15 02:01:17'),
(151,'PAL','5.2900','-4.6800',45000,'2016-10-14 15:20:00',1,'2016-10-15 02:01:12','2016-10-15 02:01:17'),
(152,'PBB','14.0000','0.0000',506600,'2016-10-14 15:20:00',1,'2016-10-15 02:01:12','2016-10-15 02:01:17'),
(153,'PBC','22.0000','0.0000',4000,'2016-10-14 15:20:00',1,'2016-10-15 02:01:12','2016-10-15 02:01:17'),
(154,'PCOR','10.6800','3.0900',3417400,'2016-10-14 15:20:00',1,'2016-10-15 02:01:12','2016-10-15 02:01:17'),
(155,'PERC','4.2200','0.7200',26000,'2016-10-14 15:20:00',1,'2016-10-15 02:01:12','2016-10-15 02:01:17'),
(156,'PF','215.0000','-0.2800',760,'2016-10-14 15:20:00',1,'2016-10-15 02:01:12','2016-10-15 02:01:17'),
(157,'PFP2','1025.0000','0.0000',30,'2016-10-14 15:20:00',1,'2016-10-15 02:01:12','2016-10-15 02:01:17'),
(158,'PGOLD','41.0000','1.4900',707500,'2016-10-14 15:20:00',1,'2016-10-15 02:01:12','2016-10-15 02:01:17'),
(159,'PHA','0.4050','1.2500',590000,'2016-10-14 15:20:00',1,'2016-10-15 02:01:12','2016-10-15 02:01:17'),
(160,'PHEN','2.1500','1.9000',662000,'2016-10-14 15:20:00',1,'2016-10-15 02:01:12','2016-10-15 02:01:17'),
(161,'PHES','0.2700','-1.8200',160000,'2016-10-14 15:20:00',1,'2016-10-15 02:01:12','2016-10-15 02:01:17'),
(162,'PHN','11.5800','0.7000',300,'2016-10-14 15:20:00',1,'2016-10-15 02:01:12','2016-10-15 02:01:17'),
(163,'PIP','3.0000','0.3300',21000,'2016-10-14 15:20:00',1,'2016-10-15 02:01:12','2016-10-15 02:01:17'),
(164,'PLC','1.0500','-0.9400',4668000,'2016-10-14 15:20:00',1,'2016-10-15 02:01:12','2016-10-15 02:01:17'),
(165,'PNB','55.0000','0.5500',590180,'2016-10-14 15:20:00',1,'2016-10-15 02:01:12','2016-10-15 02:01:17'),
(166,'PNX','5.8900','-1.0100',33400,'2016-10-14 15:20:00',1,'2016-10-15 02:01:12','2016-10-15 02:01:17'),
(167,'POPI','1.9000','-1.0400',667000,'2016-10-14 15:20:00',1,'2016-10-15 02:01:12','2016-10-15 02:01:17'),
(168,'PPC','3.3200','0.6100',306000,'2016-10-14 15:20:00',1,'2016-10-15 02:01:12','2016-10-15 02:01:17'),
(169,'PRC','8.7500','0.0000',1000,'2016-10-14 15:20:00',1,'2016-10-15 02:01:12','2016-10-15 02:01:17'),
(170,'PRF2A','1091.0000','6.0300',4880,'2016-10-14 15:20:00',1,'2016-10-15 02:01:12','2016-10-15 02:01:17'),
(171,'PRF2B','1155.0000','7.9400',1320,'2016-10-14 15:20:00',1,'2016-10-15 02:01:12','2016-10-15 02:01:17'),
(172,'PRMX','3.5000','5.7400',1988000,'2016-10-14 15:20:00',1,'2016-10-15 02:01:12','2016-10-15 02:01:17'),
(173,'PSB','96.0000','-2.9800',110,'2016-10-14 15:20:00',1,'2016-10-15 02:01:12','2016-10-15 02:01:17'),
(174,'PSE','260.0000','0.0000',680,'2016-10-14 15:20:00',1,'2016-10-15 02:01:12','2016-10-15 02:01:17'),
(175,'PSPC','1.4600','-0.6800',216000,'2016-10-14 15:20:00',1,'2016-10-15 02:01:12','2016-10-15 02:01:17'),
(176,'PTC','220.0000','-11.2900',850,'2016-10-14 15:20:00',1,'2016-10-15 02:01:12','2016-10-15 02:01:17'),
(177,'PX','8.1100','0.0000',688300,'2016-10-14 15:20:00',1,'2016-10-15 02:01:12','2016-10-15 02:01:17'),
(178,'PXP','3.9500','6.4700',12240000,'2016-10-14 15:20:00',1,'2016-10-15 02:01:12','2016-10-15 02:01:17'),
(179,'RCB','35.8500','0.2800',52700,'2016-10-14 15:20:00',1,'2016-10-15 02:01:12','2016-10-15 02:01:17'),
(180,'RFM','4.1600','-0.2400',1001000,'2016-10-14 15:20:00',1,'2016-10-15 02:01:12','2016-10-15 02:01:17'),
(181,'RLC','29.5000','1.7200',3690200,'2016-10-14 15:20:00',1,'2016-10-15 02:01:12','2016-10-15 02:01:17'),
(182,'RLT','0.4000','-1.2300',170000,'2016-10-14 15:20:00',1,'2016-10-15 02:01:12','2016-10-15 02:01:17'),
(183,'ROCK','1.6100','0.6200',86000,'2016-10-14 15:20:00',1,'2016-10-15 02:01:12','2016-10-15 02:01:17'),
(184,'ROX','3.2900','-0.3000',20000,'2016-10-14 15:20:00',1,'2016-10-15 02:01:12','2016-10-15 02:01:17'),
(185,'RRHI','73.2500','-0.1400',660770,'2016-10-14 15:20:00',1,'2016-10-15 02:01:12','2016-10-15 02:01:17'),
(186,'RWM','3.2200','1.2600',352000,'2016-10-14 15:20:00',1,'2016-10-15 02:01:12','2016-10-15 02:01:17'),
(187,'SBS','5.6300','0.0000',50500,'2016-10-14 15:20:00',1,'2016-10-15 02:01:12','2016-10-15 02:01:17'),
(188,'SCC','122.7000','3.4600',1520820,'2016-10-14 15:20:00',1,'2016-10-15 02:01:12','2016-10-15 02:01:17'),
(189,'SECB','215.8000','4.2500',1527820,'2016-10-14 15:20:00',1,'2016-10-15 02:01:12','2016-10-15 02:01:17'),
(190,'SFI','0.1470','2.0800',5320000,'2016-10-14 15:20:00',1,'2016-10-15 02:01:12','2016-10-15 02:01:17'),
(191,'SFIP','2.3500','11.9000',8000,'2016-10-14 15:20:00',1,'2016-10-15 02:01:12','2016-10-15 02:01:17'),
(192,'SGI','1.1900','0.0000',25000,'2016-10-14 15:20:00',1,'2016-10-15 02:01:12','2016-10-15 02:01:17'),
(193,'SHNG','3.2500','0.0000',35000,'2016-10-14 15:20:00',1,'2016-10-15 02:01:12','2016-10-15 02:01:17'),
(194,'SLI','1.0400','1.9600',2095000,'2016-10-14 15:20:00',1,'2016-10-15 02:01:12','2016-10-15 02:01:17'),
(195,'SM','662.5000','0.9900',244700,'2016-10-14 15:20:00',1,'2016-10-15 02:01:12','2016-10-15 02:01:17'),
(196,'SMC','81.0000','1.2500',373180,'2016-10-14 15:20:00',1,'2016-10-15 02:01:12','2016-10-15 02:01:17'),
(197,'SMC2C','80.5000','0.0000',16000,'2016-10-14 15:20:00',1,'2016-10-15 02:01:12','2016-10-15 02:01:17'),
(198,'SMC2F','79.0000','0.6400',126200,'2016-10-14 15:20:00',1,'2016-10-15 02:01:12','2016-10-15 02:01:17'),
(199,'SMC2G','79.0000','1.9400',167740,'2016-10-14 15:20:00',1,'2016-10-15 02:01:12','2016-10-15 02:01:17'),
(200,'SMC2H','77.5000','0.6500',24240,'2016-10-14 15:20:00',1,'2016-10-15 02:01:12','2016-10-15 02:01:17'),
(201,'SMC2I','77.8000','-0.0600',169330,'2016-10-14 15:20:00',1,'2016-10-15 02:01:12','2016-10-15 02:01:17'),
(202,'SMPH','26.7500','2.6900',10860500,'2016-10-14 15:20:00',1,'2016-10-15 02:01:12','2016-10-15 02:01:17'),
(203,'SSI','2.7800','0.7200',1169000,'2016-10-14 15:20:00',1,'2016-10-15 02:01:12','2016-10-15 02:01:17'),
(204,'STI','0.7600','10.1400',17492000,'2016-10-14 15:20:00',1,'2016-10-15 02:01:12','2016-10-15 02:01:17'),
(205,'SUN','0.9800','3.1600',266000,'2016-10-14 15:20:00',1,'2016-10-15 02:01:12','2016-10-15 02:01:17'),
(206,'T','1.7000','1.1900',459000,'2016-10-14 15:20:00',1,'2016-10-15 02:01:12','2016-10-15 02:01:17'),
(207,'TAPET','3.1500','1.2900',117000,'2016-10-14 15:20:00',1,'2016-10-15 02:01:12','2016-10-15 02:01:17'),
(208,'TBGI','1.8500','-1.0700',2000,'2016-10-14 15:20:00',1,'2016-10-15 02:01:12','2016-10-15 02:01:17'),
(209,'TECH','23.5000','1.2900',421500,'2016-10-14 15:20:00',1,'2016-10-15 02:01:12','2016-10-15 02:01:17'),
(210,'TEL','1613.0000','0.9400',198670,'2016-10-14 15:20:00',1,'2016-10-15 02:01:12','2016-10-15 02:01:17'),
(211,'TFC','34.6000','-4.8100',100,'2016-10-14 15:20:00',1,'2016-10-15 02:01:12','2016-10-15 02:01:17'),
(212,'TFHI','233.6000','0.2600',1600,'2016-10-14 15:20:00',1,'2016-10-15 02:01:12','2016-10-15 02:01:17'),
(213,'TUGS','1.9200','1.5900',2637000,'2016-10-14 15:20:00',1,'2016-10-15 02:01:12','2016-10-15 02:01:17'),
(214,'UBP','75.0000','0.0000',48900,'2016-10-14 15:20:00',1,'2016-10-15 02:01:12','2016-10-15 02:01:17'),
(215,'UNI','0.3000','0.0000',1720000,'2016-10-14 15:20:00',1,'2016-10-15 02:01:12','2016-10-15 02:01:17'),
(216,'URC','179.0000','0.0000',1211430,'2016-10-14 15:20:00',1,'2016-10-15 02:01:12','2016-10-15 02:01:17'),
(217,'VITA','2.1900','3.7900',18297000,'2016-10-14 15:20:00',1,'2016-10-15 02:01:12','2016-10-15 02:01:17'),
(218,'VLL','5.0600','1.2000',2733500,'2016-10-14 15:20:00',1,'2016-10-15 02:01:12','2016-10-15 02:01:17'),
(219,'VMC','4.6100','-0.2200',4000,'2016-10-14 15:20:00',1,'2016-10-15 02:01:12','2016-10-15 02:01:17'),
(220,'VUL','1.1900','0.0000',35000,'2016-10-14 15:20:00',1,'2016-10-15 02:01:12','2016-10-15 02:01:17'),
(221,'WEB','9.1000','-1.0900',12270900,'2016-10-14 15:20:00',1,'2016-10-15 02:01:12','2016-10-15 02:01:17'),
(222,'WIN','0.2020','0.0000',120000,'2016-10-14 15:20:00',1,'2016-10-15 02:01:12','2016-10-15 02:01:17'),
(223,'WPI','0.3550','2.9000',50000,'2016-10-14 15:20:00',1,'2016-10-15 02:01:12','2016-10-15 02:01:17'),
(224,'X','12.2200','2.3500',1663800,'2016-10-14 15:20:00',1,'2016-10-15 02:01:12','2016-10-15 02:01:17'),
(225,'YEHEY','4.9800','-3.4900',360400,'2016-10-14 15:20:00',1,'2016-10-15 02:01:12','2016-10-15 02:01:17'),
(226,'ZHI','0.2450','-2.0000',90000,'2016-10-14 15:20:00',1,'2016-10-15 02:01:12','2016-10-15 02:01:17');

/*Table structure for table `subscriptions` */

DROP TABLE IF EXISTS `subscriptions`;

CREATE TABLE `subscriptions` (
  `id` int(10) unsigned NOT NULL AUTO_INCREMENT,
  `userId` int(10) unsigned NOT NULL,
  `subscriptionRef` varchar(255) COLLATE utf8_unicode_ci NOT NULL,
  `paidFromMerchant` varchar(255) COLLATE utf8_unicode_ci NOT NULL,
  `amountPaid` decimal(8,4) NOT NULL,
  `validUntil` datetime NOT NULL,
  `subscriptionType` enum('Free','1month','3months','6months','12months') COLLATE utf8_unicode_ci NOT NULL,
  `created_at` timestamp NULL DEFAULT NULL,
  `updated_at` timestamp NULL DEFAULT NULL,
  PRIMARY KEY (`id`)
) ENGINE=InnoDB AUTO_INCREMENT=9 DEFAULT CHARSET=utf8 COLLATE=utf8_unicode_ci;

/*Data for the table `subscriptions` */

insert  into `subscriptions`(`id`,`userId`,`subscriptionRef`,`paidFromMerchant`,`amountPaid`,`validUntil`,`subscriptionType`,`created_at`,`updated_at`) values 
(1,1,'PPP-XLS-ZX-000','None','0.0000','2016-10-28 00:00:00','Free','2016-10-15 02:01:39','2016-10-15 02:01:39'),
(2,2,'PPP-XLS-ZX-000','None','0.0000','2016-10-30 00:00:00','Free','2016-10-15 03:22:59','2016-10-15 03:22:59'),
(3,3,'PPP-XLS-ZX-000','None','0.0000','2016-10-30 00:00:00','Free','2016-10-15 03:23:21','2016-10-15 03:23:21'),
(4,4,'PPP-XLS-ZX-000','None','0.0000','2016-10-30 00:00:00','Free','2016-10-15 03:24:04','2016-10-15 03:24:04'),
(5,5,'PPP-XLS-ZX-000','None','0.0000','2016-10-30 00:00:00','Free','2016-10-15 03:28:14','2016-10-15 03:28:14'),
(6,6,'PPP-XLS-ZX-000','None','0.0000','2016-10-30 00:00:00','Free','2016-10-15 03:28:48','2016-10-15 03:28:48'),
(7,7,'PPP-XLS-ZX-000','None','0.0000','2016-10-30 00:00:00','Free','2016-10-15 03:32:49','2016-10-15 03:32:49'),
(8,8,'PPP-XLS-ZX-000','None','0.0000','2017-04-30 16:53:15','Free','2016-10-15 03:38:09','2016-10-15 03:38:09');

/*Table structure for table `system_settings` */

DROP TABLE IF EXISTS `system_settings`;

CREATE TABLE `system_settings` (
  `id` int(10) unsigned NOT NULL AUTO_INCREMENT,
  `last_eod` date NOT NULL,
  `disable_eod` tinyint(1) NOT NULL,
  `last_exec_eod` datetime NOT NULL,
  PRIMARY KEY (`id`)
) ENGINE=InnoDB AUTO_INCREMENT=2 DEFAULT CHARSET=utf8 COLLATE=utf8_unicode_ci;

/*Data for the table `system_settings` */

insert  into `system_settings`(`id`,`last_eod`,`disable_eod`,`last_exec_eod`) values 
(1,'2016-09-23',1,'2016-09-23 16:00:00');

/*Table structure for table `telcos` */

DROP TABLE IF EXISTS `telcos`;

CREATE TABLE `telcos` (
  `id` int(10) unsigned NOT NULL AUTO_INCREMENT,
  `mobilePrefix` varchar(255) COLLATE utf8_unicode_ci NOT NULL,
  `network` varchar(255) COLLATE utf8_unicode_ci NOT NULL,
  `created_at` timestamp NULL DEFAULT NULL,
  `updated_at` timestamp NULL DEFAULT NULL,
  PRIMARY KEY (`id`)
) ENGINE=InnoDB AUTO_INCREMENT=54 DEFAULT CHARSET=utf8 COLLATE=utf8_unicode_ci;

/*Data for the table `telcos` */

insert  into `telcos`(`id`,`mobilePrefix`,`network`,`created_at`,`updated_at`) values 
(1,'0813','Smart','2016-10-15 02:00:17','2016-10-15 02:00:17'),
(2,'0907','Smart','2016-10-15 02:00:17','2016-10-15 02:00:17'),
(3,'0908','Smart','2016-10-15 02:00:17','2016-10-15 02:00:17'),
(4,'0909','Smart','2016-10-15 02:00:17','2016-10-15 02:00:17'),
(5,'0910','Smart','2016-10-15 02:00:17','2016-10-15 02:00:17'),
(6,'0911','Smart','2016-10-15 02:00:17','2016-10-15 02:00:17'),
(7,'0912','Smart','2016-10-15 02:00:17','2016-10-15 02:00:17'),
(8,'0913','Smart','2016-10-15 02:00:17','2016-10-15 02:00:17'),
(9,'0914','Smart','2016-10-15 02:00:17','2016-10-15 02:00:17'),
(10,'0918','Smart','2016-10-15 02:00:17','2016-10-15 02:00:17'),
(11,'0919','Smart','2016-10-15 02:00:17','2016-10-15 02:00:17'),
(12,'0920','Smart','2016-10-15 02:00:17','2016-10-15 02:00:17'),
(13,'0921','Smart','2016-10-15 02:00:17','2016-10-15 02:00:17'),
(14,'0928','Smart','2016-10-15 02:00:17','2016-10-15 02:00:17'),
(15,'0929','Smart','2016-10-15 02:00:17','2016-10-15 02:00:17'),
(16,'0930','Smart','2016-10-15 02:00:17','2016-10-15 02:00:17'),
(17,'0938','Smart','2016-10-15 02:00:17','2016-10-15 02:00:17'),
(18,'0939','Smart','2016-10-15 02:00:17','2016-10-15 02:00:17'),
(19,'0946','Smart','2016-10-15 02:00:17','2016-10-15 02:00:17'),
(20,'0947','Smart','2016-10-15 02:00:17','2016-10-15 02:00:17'),
(21,'0948','Smart','2016-10-15 02:00:17','2016-10-15 02:00:17'),
(22,'0949','Smart','2016-10-15 02:00:17','2016-10-15 02:00:17'),
(23,'0950','Smart','2016-10-15 02:00:17','2016-10-15 02:00:17'),
(24,'0989','Smart','2016-10-15 02:00:17','2016-10-15 02:00:17'),
(25,'0998','Smart','2016-10-15 02:00:17','2016-10-15 02:00:17'),
(26,'0999','Smart','2016-10-15 02:00:17','2016-10-15 02:00:17'),
(27,'0817','Globe','2016-10-15 02:00:17','2016-10-15 02:00:17'),
(28,'0905','Globe','2016-10-15 02:00:17','2016-10-15 02:00:17'),
(29,'0906','Globe','2016-10-15 02:00:17','2016-10-15 02:00:17'),
(30,'0915','Globe','2016-10-15 02:00:17','2016-10-15 02:00:17'),
(31,'0916','Globe','2016-10-15 02:00:17','2016-10-15 02:00:17'),
(32,'0917','Globe','2016-10-15 02:00:17','2016-10-15 02:00:17'),
(33,'0926','Globe','2016-10-15 02:00:17','2016-10-15 02:00:17'),
(34,'0927','Globe','2016-10-15 02:00:17','2016-10-15 02:00:17'),
(35,'0935','Globe','2016-10-15 02:00:17','2016-10-15 02:00:17'),
(36,'0936','Globe','2016-10-15 02:00:17','2016-10-15 02:00:17'),
(37,'0937','Globe','2016-10-15 02:00:17','2016-10-15 02:00:17'),
(38,'0975','Globe','2016-10-15 02:00:17','2016-10-15 02:00:17'),
(39,'0977','Globe','2016-10-15 02:00:17','2016-10-15 02:00:17'),
(40,'0994','Globe','2016-10-15 02:00:17','2016-10-15 02:00:17'),
(41,'0995','Globe','2016-10-15 02:00:17','2016-10-15 02:00:17'),
(42,'0996','Globe','2016-10-15 02:00:17','2016-10-15 02:00:17'),
(43,'0997','Globe','2016-10-15 02:00:17','2016-10-15 02:00:17'),
(44,'0922','Sun','2016-10-15 02:00:17','2016-10-15 02:00:17'),
(45,'0923','Sun','2016-10-15 02:00:17','2016-10-15 02:00:17'),
(46,'0924','Sun','2016-10-15 02:00:17','2016-10-15 02:00:17'),
(47,'0925','Sun','2016-10-15 02:00:17','2016-10-15 02:00:17'),
(48,'0931','Sun','2016-10-15 02:00:17','2016-10-15 02:00:17'),
(49,'0932','Sun','2016-10-15 02:00:17','2016-10-15 02:00:17'),
(50,'0933','Sun','2016-10-15 02:00:17','2016-10-15 02:00:17'),
(51,'0934','Sun','2016-10-15 02:00:17','2016-10-15 02:00:17'),
(52,'0942','Sun','2016-10-15 02:00:17','2016-10-15 02:00:17'),
(53,'0943','Sun','2016-10-15 02:00:17','2016-10-15 02:00:17');

/*Table structure for table `users` */

DROP TABLE IF EXISTS `users`;

CREATE TABLE `users` (
  `id` int(10) unsigned NOT NULL AUTO_INCREMENT,
  `fName` varchar(255) COLLATE utf8_unicode_ci NOT NULL,
  `lName` varchar(255) COLLATE utf8_unicode_ci NOT NULL,
  `gender` enum('M','F') COLLATE utf8_unicode_ci NOT NULL,
  `birthday` date DEFAULT NULL,
  `email` varchar(255) COLLATE utf8_unicode_ci NOT NULL,
  `password` varchar(255) COLLATE utf8_unicode_ci NOT NULL,
  `mobileNo` varchar(11) COLLATE utf8_unicode_ci NOT NULL,
  `active` tinyint(1) NOT NULL DEFAULT '1',
  `activated` tinyint(1) NOT NULL DEFAULT '0',
  `tsActivated` datetime DEFAULT NULL,
  `remember_token` varchar(100) COLLATE utf8_unicode_ci DEFAULT NULL,
  `created_at` timestamp NULL DEFAULT NULL,
  `updated_at` timestamp NULL DEFAULT NULL,
  PRIMARY KEY (`id`),
  UNIQUE KEY `users_email_unique` (`email`),
  UNIQUE KEY `users_mobileno_unique` (`mobileNo`)
) ENGINE=InnoDB AUTO_INCREMENT=9 DEFAULT CHARSET=utf8 COLLATE=utf8_unicode_ci;

/*Data for the table `users` */

insert  into `users`(`id`,`fName`,`lName`,`gender`,`birthday`,`email`,`password`,`mobileNo`,`active`,`activated`,`tsActivated`,`remember_token`,`created_at`,`updated_at`) values 
(1,'Jhun2','Jun2','M','2016-10-24','test@gmail.com','$2y$10$6JHkVI6ghauS.XxvLmtpzuFptd8MXaH0qxEe8ktJSaB1hj/47mHrq','09332121212',1,0,NULL,NULL,'2016-10-15 02:01:39','2016-11-07 03:35:10'),
(8,'Pastor','Morcilla','M','2016-10-24','jdream_catcher@yahoo.com','$2a$06$mfDuKHs2fAlif5U1zNThmOLJS3WNO0tdWNV6688M4sxxr.zaL//qq','09332121213',1,0,NULL,'mlIWsCczHzu8UGGoK8OmMKJMJbXnTtw5KgClnWfFYYVmA91CaQtcWvzNbio3','2016-10-15 03:38:09','2017-04-02 17:23:39');

/* Procedure structure for procedure `sp_aggregate_per_minute` */

/*!50003 DROP PROCEDURE IF EXISTS  `sp_aggregate_per_minute` */;

DELIMITER $$

/*!50003 CREATE DEFINER=`pmorcilladev`@`%` PROCEDURE `sp_aggregate_per_minute`(
	IN var_symbol VARCHAR(255),
	IN var_price DECIMAL(16, 4),
	IN var_asOf DATETIME,
	IN var_percentChange DECIMAL(8, 4),
	IN var_volume INT(11),
	IN rawRecordId INT(11)
)
BEGIN
	SET @currentDate = (SELECT DATE_FORMAT(var_asOf, '%Y-%m-%d'));
	SET @companyId = (SELECT id FROM companies WHERE symbol = var_symbol);
	if ((SELECT COUNT(@companyId)) > 0) then
		SET @price = (SELECT `price` FROM aggregate_per_minute WHERE companyId = @companyId AND DATE_FORMAT(asOf, '%Y-%m-%d') = @currentDate ORDER BY id DESC LIMIT 1);
		SET @countRows = (SELECT COUNT(@price));
		IF (@countRows <= 0) THEN
			SET @price = 0.00;
		END IF;
		IF (var_price != @price) THEN
			INSERT INTO aggregate_per_minute(companyId, price, asOf, percentChange, volume, created_at)
				VALUES(@companyId, var_price, var_asOf, var_percentChange, var_volume, NOW());
			-- tag as materialized
			UPDATE raw_records SET materialized = 1 WHERE id = rawRecordId;
		END IF;
	end if;
END */$$
DELIMITER ;

/* Procedure structure for procedure `sp_getActiveSubscription` */

/*!50003 DROP PROCEDURE IF EXISTS  `sp_getActiveSubscription` */;

DELIMITER $$

/*!50003 CREATE DEFINER=`pmorcilladev`@`%` PROCEDURE `sp_getActiveSubscription`(
	IN var_userId INT(11)
    )
BEGIN
	SELECT subscriptionType, amountPaid, DATE_FORMAT(created_at, "%m-%d-%Y") AS subscriptionDate, DATE_FORMAT(validUntil, "%m-%d-%Y") AS expiryDate
		FROM subscriptions
		WHERE userId = var_userId
		ORDER BY id DESC LIMIT 1;
    END */$$
DELIMITER ;

/* Procedure structure for procedure `sp_materialize_per_company_daily` */

/*!50003 DROP PROCEDURE IF EXISTS  `sp_materialize_per_company_daily` */;

DELIMITER $$

/*!50003 CREATE DEFINER=`pmorcilladev`@`%` PROCEDURE `sp_materialize_per_company_daily`(
	in var_symbol varchar(6),
	in var_openPrice decimal(16, 4),
	in var_highPrice decimal(16, 4),
	IN var_lowPrice DECIMAL(16, 4),
	IN var_closePrice DECIMAL(16, 4),
	in var_asOf date
    )
BEGIN
	set @companyId = (select id from companies where symbol = var_symbol);
	INSERT INTO materialize_per_company_daily(companyId, openPrice, highPrice, lowPrice, closePrice, asOf, created_at)
		VALUES(@companyId, var_openPrice, var_highPrice, var_lowPrice, var_closePrice, var_asOf, now())
		ON DUPLICATE KEY UPDATE openPrice = var_openPrice, highPrice = var_highPrice, lowPrice = var_lowPrice, closePrice = var_closePrice;
    END */$$
DELIMITER ;

/* Procedure structure for procedure `sp_perform_eod` */

/*!50003 DROP PROCEDURE IF EXISTS  `sp_perform_eod` */;

DELIMITER $$

/*!50003 CREATE DEFINER=`pmorcilladev`@`%` PROCEDURE `sp_perform_eod`()
BEGIN
	SET @disabledEOD = (SELECT disable_eod FROM system_settings WHERE id = 1);
	IF (@disabledEOD = 0) THEN
		SET @unmaterializedDate = (SELECT DATE_FORMAT(asOf, '%Y-%m-%d') AS asOf FROM aggregate_per_minute WHERE materialized IS NULL OR materialized = 0 GROUP BY asOf ORDER BY asOf LIMIT 1);
		IF ((SELECT COUNT(@unmaterializedDate)) <= 0 ) THEN
			SET @last_eod = (SELECT DATE_FORMAT(MAX(asOf), '%Y-%m-%d') FROM aggregate_per_minute WHERE materialized IS NOT NULL OR materialized = 1);
			IF ((SELECT COUNT(@last_eod)) <= 0) THEN
				-- if all are materialized already
				UPDATE system_settings SET last_eod = @last_eod, last_exec_eod = NOW();
			END IF;
		END IF;
	END IF;
END */$$
DELIMITER ;

/*!40101 SET SQL_MODE=@OLD_SQL_MODE */;
/*!40014 SET FOREIGN_KEY_CHECKS=@OLD_FOREIGN_KEY_CHECKS */;
/*!40014 SET UNIQUE_CHECKS=@OLD_UNIQUE_CHECKS */;
/*!40111 SET SQL_NOTES=@OLD_SQL_NOTES */;
